LOCATION,INDICATOR,SUBJECT,MEASURE,FREQUENCY,TIME,Value,Flag Codes
AUS,GDP,TOT,MLN_USD,A,1960,25034.74,
AUS,GDP,TOT,MLN_USD,A,1961,25326.382,
AUS,GDP,TOT,MLN_USD,A,1962,27913.206,
AUS,GDP,TOT,MLN_USD,A,1963,30385.723,
AUS,GDP,TOT,MLN_USD,A,1964,32694.467,
AUS,GDP,TOT,MLN_USD,A,1965,34489.925,
AUS,GDP,TOT,MLN_USD,A,1966,38285.311,
AUS,GDP,TOT,MLN_USD,A,1967,41004.016,
AUS,GDP,TOT,MLN_USD,A,1968,46488.435,
AUS,GDP,TOT,MLN_USD,A,1969,52131.937,
AUS,GDP,TOT,MLN_USD,A,1970,58744.426,
AUS,GDP,TOT,MLN_USD,A,1971,64011.08,
AUS,GDP,TOT,MLN_USD,A,1972,69667.086,
AUS,GDP,TOT,MLN_USD,A,1973,78684.326,
AUS,GDP,TOT,MLN_USD,A,1974,86152.081,
AUS,GDP,TOT,MLN_USD,A,1975,96659.873,
AUS,GDP,TOT,MLN_USD,A,1976,104079.405,
AUS,GDP,TOT,MLN_USD,A,1977,110056.543,
AUS,GDP,TOT,MLN_USD,A,1978,123092.289,
AUS,GDP,TOT,MLN_USD,A,1979,137700.414,
AUS,GDP,TOT,MLN_USD,A,1980,154714.29,
AUS,GDP,TOT,MLN_USD,A,1981,177927.212,
AUS,GDP,TOT,MLN_USD,A,1982,181561.596,
AUS,GDP,TOT,MLN_USD,A,1983,196112.732,
AUS,GDP,TOT,MLN_USD,A,1984,211307.195,
AUS,GDP,TOT,MLN_USD,A,1985,228433.427,
AUS,GDP,TOT,MLN_USD,A,1986,239508.375,
AUS,GDP,TOT,MLN_USD,A,1987,260400.381,
AUS,GDP,TOT,MLN_USD,A,1988,282358.294,
AUS,GDP,TOT,MLN_USD,A,1989,298996.814,
AUS,GDP,TOT,MLN_USD,A,1990,303536.564,
AUS,GDP,TOT,MLN_USD,A,1991,313292.169,
AUS,GDP,TOT,MLN_USD,A,1992,333745.071,
AUS,GDP,TOT,MLN_USD,A,1993,354785.379,
AUS,GDP,TOT,MLN_USD,A,1994,380139.685,
AUS,GDP,TOT,MLN_USD,A,1995,402481.437,
AUS,GDP,TOT,MLN_USD,A,1996,423181.512,
AUS,GDP,TOT,MLN_USD,A,1997,449576.869,
AUS,GDP,TOT,MLN_USD,A,1998,476921.51,
AUS,GDP,TOT,MLN_USD,A,1999,509779.868,
AUS,GDP,TOT,MLN_USD,A,2000,537613.644,
AUS,GDP,TOT,MLN_USD,A,2001,568472.868,
AUS,GDP,TOT,MLN_USD,A,2002,599301.22,
AUS,GDP,TOT,MLN_USD,A,2003,635958.179,
AUS,GDP,TOT,MLN_USD,A,2004,675038.955,
AUS,GDP,TOT,MLN_USD,A,2005,717705.079,
AUS,GDP,TOT,MLN_USD,A,2006,773925.843,
AUS,GDP,TOT,MLN_USD,A,2007,824690.484,
AUS,GDP,TOT,MLN_USD,A,2008,851983.13,
AUS,GDP,TOT,MLN_USD,A,2009,902680.372,
AUS,GDP,TOT,MLN_USD,A,2010,942676.08,
AUS,GDP,TOT,MLN_USD,A,2011,992327.38,
AUS,GDP,TOT,MLN_USD,A,2012,997527.347,
AUS,GDP,TOT,MLN_USD,A,2013,1104626.135,
AUS,GDP,TOT,MLN_USD,A,2014,1118494.158,
AUS,GDP,TOT,MLN_USD,A,2015,1126907.643,
AUS,GDP,TOT,MLN_USD,A,2016,1215297.461,
AUS,GDP,TOT,MLN_USD,A,2017,1251095.561,
AUS,GDP,TOT,MLN_USD,A,2018,1326164.114,
AUS,GDP,TOT,MLN_USD,A,2019,1346385.112,
AUS,GDP,TOT,MLN_USD,A,2020,1329644.452,E
AUT,GDP,TOT,MLN_USD,A,1970,28524.282,E
AUT,GDP,TOT,MLN_USD,A,1971,31502.638,E
AUT,GDP,TOT,MLN_USD,A,1972,34904.601,E
AUT,GDP,TOT,MLN_USD,A,1973,38616.706,E
AUT,GDP,TOT,MLN_USD,A,1974,43751.694,E
AUT,GDP,TOT,MLN_USD,A,1975,47631.052,E
AUT,GDP,TOT,MLN_USD,A,1976,52552.426,E
AUT,GDP,TOT,MLN_USD,A,1977,58653.225,E
AUT,GDP,TOT,MLN_USD,A,1978,62646.55,E
AUT,GDP,TOT,MLN_USD,A,1979,71478.283,E
AUT,GDP,TOT,MLN_USD,A,1980,79284.374,E
AUT,GDP,TOT,MLN_USD,A,1981,86661.176,E
AUT,GDP,TOT,MLN_USD,A,1982,93865.958,E
AUT,GDP,TOT,MLN_USD,A,1983,100442.497,E
AUT,GDP,TOT,MLN_USD,A,1984,104119.538,E
AUT,GDP,TOT,MLN_USD,A,1985,110096.149,E
AUT,GDP,TOT,MLN_USD,A,1986,114898.143,E
AUT,GDP,TOT,MLN_USD,A,1987,119336.908,E
AUT,GDP,TOT,MLN_USD,A,1988,127618.385,E
AUT,GDP,TOT,MLN_USD,A,1989,137776.553,E
AUT,GDP,TOT,MLN_USD,A,1990,149145.39,E
AUT,GDP,TOT,MLN_USD,A,1991,159495.737,E
AUT,GDP,TOT,MLN_USD,A,1992,166545.677,E
AUT,GDP,TOT,MLN_USD,A,1993,171389.776,E
AUT,GDP,TOT,MLN_USD,A,1994,179254.497,E
AUT,GDP,TOT,MLN_USD,A,1995,187895.922,
AUT,GDP,TOT,MLN_USD,A,1996,194997.651,
AUT,GDP,TOT,MLN_USD,A,1997,202530.57,
AUT,GDP,TOT,MLN_USD,A,1998,212772.479,
AUT,GDP,TOT,MLN_USD,A,1999,220639.939,
AUT,GDP,TOT,MLN_USD,A,2000,235450.19,
AUT,GDP,TOT,MLN_USD,A,2001,238981.852,
AUT,GDP,TOT,MLN_USD,A,2002,251984.784,
AUT,GDP,TOT,MLN_USD,A,2003,260788.036,
AUT,GDP,TOT,MLN_USD,A,2004,275769.77,
AUT,GDP,TOT,MLN_USD,A,2005,288086.722,
AUT,GDP,TOT,MLN_USD,A,2006,310998.391,
AUT,GDP,TOT,MLN_USD,A,2007,326699.296,
AUT,GDP,TOT,MLN_USD,A,2008,343812.976,
AUT,GDP,TOT,MLN_USD,A,2009,341644.307,
AUT,GDP,TOT,MLN_USD,A,2010,351610.069,
AUT,GDP,TOT,MLN_USD,A,2011,373031.477,
AUT,GDP,TOT,MLN_USD,A,2012,391635.176,
AUT,GDP,TOT,MLN_USD,A,2013,406370.245,
AUT,GDP,TOT,MLN_USD,A,2014,417059.519,
AUT,GDP,TOT,MLN_USD,A,2015,430975.924,
AUT,GDP,TOT,MLN_USD,A,2016,460282.647,
AUT,GDP,TOT,MLN_USD,A,2017,476563.995,
AUT,GDP,TOT,MLN_USD,A,2018,504354.99,
AUT,GDP,TOT,MLN_USD,A,2019,520804.077,
AUT,GDP,TOT,MLN_USD,A,2020,493585.301,
BEL,GDP,TOT,MLN_USD,A,1970,37219.182,E
BEL,GDP,TOT,MLN_USD,A,1971,40573.533,E
BEL,GDP,TOT,MLN_USD,A,1972,44552.011,E
BEL,GDP,TOT,MLN_USD,A,1973,49870.5,E
BEL,GDP,TOT,MLN_USD,A,1974,56641.035,E
BEL,GDP,TOT,MLN_USD,A,1975,61066.234,E
BEL,GDP,TOT,MLN_USD,A,1976,68068.838,E
BEL,GDP,TOT,MLN_USD,A,1977,72750.884,E
BEL,GDP,TOT,MLN_USD,A,1978,80081.002,E
BEL,GDP,TOT,MLN_USD,A,1979,88755.282,E
BEL,GDP,TOT,MLN_USD,A,1980,101107.507,E
BEL,GDP,TOT,MLN_USD,A,1981,110365.386,E
BEL,GDP,TOT,MLN_USD,A,1982,117881.233,E
BEL,GDP,TOT,MLN_USD,A,1983,122880.374,E
BEL,GDP,TOT,MLN_USD,A,1984,130453.59,E
BEL,GDP,TOT,MLN_USD,A,1985,136802.084,E
BEL,GDP,TOT,MLN_USD,A,1986,142100.93,E
BEL,GDP,TOT,MLN_USD,A,1987,148973.191,E
BEL,GDP,TOT,MLN_USD,A,1988,161512.644,E
BEL,GDP,TOT,MLN_USD,A,1989,173667.294,E
BEL,GDP,TOT,MLN_USD,A,1990,185820.844,E
BEL,GDP,TOT,MLN_USD,A,1991,195626.274,E
BEL,GDP,TOT,MLN_USD,A,1992,203147.02,E
BEL,GDP,TOT,MLN_USD,A,1993,205959.831,E
BEL,GDP,TOT,MLN_USD,A,1994,217146.04,E
BEL,GDP,TOT,MLN_USD,A,1995,226986.213,
BEL,GDP,TOT,MLN_USD,A,1996,230441.688,
BEL,GDP,TOT,MLN_USD,A,1997,241539.914,
BEL,GDP,TOT,MLN_USD,A,1998,248626.188,
BEL,GDP,TOT,MLN_USD,A,1999,260168.781,
BEL,GDP,TOT,MLN_USD,A,2000,284950.464,
BEL,GDP,TOT,MLN_USD,A,2001,296258.682,
BEL,GDP,TOT,MLN_USD,A,2002,312900.475,
BEL,GDP,TOT,MLN_USD,A,2003,320632.747,
BEL,GDP,TOT,MLN_USD,A,2004,333856.905,
BEL,GDP,TOT,MLN_USD,A,2005,347658.439,
BEL,GDP,TOT,MLN_USD,A,2006,371415.055,
BEL,GDP,TOT,MLN_USD,A,2007,390457.716,
BEL,GDP,TOT,MLN_USD,A,2008,405729.43,
BEL,GDP,TOT,MLN_USD,A,2009,407862.461,
BEL,GDP,TOT,MLN_USD,A,2010,434412.544,
BEL,GDP,TOT,MLN_USD,A,2011,451932.625,
BEL,GDP,TOT,MLN_USD,A,2012,469720.336,
BEL,GDP,TOT,MLN_USD,A,2013,487343.796,
BEL,GDP,TOT,MLN_USD,A,2014,503619.623,
BEL,GDP,TOT,MLN_USD,A,2015,520877.807,
BEL,GDP,TOT,MLN_USD,A,2016,550677.566,
BEL,GDP,TOT,MLN_USD,A,2017,573788.528,
BEL,GDP,TOT,MLN_USD,A,2018,601777.448,
BEL,GDP,TOT,MLN_USD,A,2019,628555.777,
BEL,GDP,TOT,MLN_USD,A,2020,600544.471,P
CAN,GDP,TOT,MLN_USD,A,1961,44376.883,
CAN,GDP,TOT,MLN_USD,A,1962,48656.247,
CAN,GDP,TOT,MLN_USD,A,1963,52000.483,
CAN,GDP,TOT,MLN_USD,A,1964,56477.8,
CAN,GDP,TOT,MLN_USD,A,1965,61893.966,
CAN,GDP,TOT,MLN_USD,A,1966,68329.4,
CAN,GDP,TOT,MLN_USD,A,1967,72469.718,
CAN,GDP,TOT,MLN_USD,A,1968,80115.42,
CAN,GDP,TOT,MLN_USD,A,1969,88783.769,
CAN,GDP,TOT,MLN_USD,A,1970,99498.995,
CAN,GDP,TOT,MLN_USD,A,1971,108693.37,
CAN,GDP,TOT,MLN_USD,A,1972,119639.463,
CAN,GDP,TOT,MLN_USD,A,1973,134821.968,
CAN,GDP,TOT,MLN_USD,A,1974,151774.749,
CAN,GDP,TOT,MLN_USD,A,1975,168256.284,
CAN,GDP,TOT,MLN_USD,A,1976,187951.588,
CAN,GDP,TOT,MLN_USD,A,1977,206493.267,
CAN,GDP,TOT,MLN_USD,A,1978,229158.872,
CAN,GDP,TOT,MLN_USD,A,1979,257381.303,
CAN,GDP,TOT,MLN_USD,A,1980,286679.746,
CAN,GDP,TOT,MLN_USD,A,1981,324707.915,
CAN,GDP,TOT,MLN_USD,A,1982,333780.398,
CAN,GDP,TOT,MLN_USD,A,1983,355876.659,
CAN,GDP,TOT,MLN_USD,A,1984,390501.086,
CAN,GDP,TOT,MLN_USD,A,1985,421935.112,
CAN,GDP,TOT,MLN_USD,A,1986,439665.103,
CAN,GDP,TOT,MLN_USD,A,1987,468885.928,
CAN,GDP,TOT,MLN_USD,A,1988,506833.394,
CAN,GDP,TOT,MLN_USD,A,1989,538906.579,
CAN,GDP,TOT,MLN_USD,A,1990,560000.309,
CAN,GDP,TOT,MLN_USD,A,1991,566861,
CAN,GDP,TOT,MLN_USD,A,1992,584998.762,
CAN,GDP,TOT,MLN_USD,A,1993,614793.811,
CAN,GDP,TOT,MLN_USD,A,1994,656143.717,
CAN,GDP,TOT,MLN_USD,A,1995,687948.942,
CAN,GDP,TOT,MLN_USD,A,1996,711888.548,
CAN,GDP,TOT,MLN_USD,A,1997,755158.587,
CAN,GDP,TOT,MLN_USD,A,1998,793411.459,
CAN,GDP,TOT,MLN_USD,A,1999,846421.343,
CAN,GDP,TOT,MLN_USD,A,2000,901029.605,
CAN,GDP,TOT,MLN_USD,A,2001,937274.87,
CAN,GDP,TOT,MLN_USD,A,2002,971009.088,
CAN,GDP,TOT,MLN_USD,A,2003,1023165.602,
CAN,GDP,TOT,MLN_USD,A,2004,1083146.524,
CAN,GDP,TOT,MLN_USD,A,2005,1171340.162,
CAN,GDP,TOT,MLN_USD,A,2006,1241194.165,
CAN,GDP,TOT,MLN_USD,A,2007,1300942.608,
CAN,GDP,TOT,MLN_USD,A,2008,1342396.613,
CAN,GDP,TOT,MLN_USD,A,2009,1307953.077,
CAN,GDP,TOT,MLN_USD,A,2010,1364079.668,
CAN,GDP,TOT,MLN_USD,A,2011,1430807.125,
CAN,GDP,TOT,MLN_USD,A,2012,1468094.965,
CAN,GDP,TOT,MLN_USD,A,2013,1554122.745,
CAN,GDP,TOT,MLN_USD,A,2014,1621396.709,
CAN,GDP,TOT,MLN_USD,A,2015,1594850.842,
CAN,GDP,TOT,MLN_USD,A,2016,1678093.396,
CAN,GDP,TOT,MLN_USD,A,2017,1765763.154,
CAN,GDP,TOT,MLN_USD,A,2018,1862154.108,
CAN,GDP,TOT,MLN_USD,A,2019,1904502.917,
CAN,GDP,TOT,MLN_USD,A,2020,1827709.388,
CZE,GDP,TOT,MLN_USD,A,1990,131987.382,E
CZE,GDP,TOT,MLN_USD,A,1991,120602.183,E
CZE,GDP,TOT,MLN_USD,A,1992,122725.773,E
CZE,GDP,TOT,MLN_USD,A,1993,125711.264,E
CZE,GDP,TOT,MLN_USD,A,1994,132131.102,E
CZE,GDP,TOT,MLN_USD,A,1995,142784.042,
CZE,GDP,TOT,MLN_USD,A,1996,151155.623,
CZE,GDP,TOT,MLN_USD,A,1997,152702.018,
CZE,GDP,TOT,MLN_USD,A,1998,154180.022,
CZE,GDP,TOT,MLN_USD,A,1999,158333.514,
CZE,GDP,TOT,MLN_USD,A,2000,166568.303,
CZE,GDP,TOT,MLN_USD,A,2001,180105.226,
CZE,GDP,TOT,MLN_USD,A,2002,186119.946,
CZE,GDP,TOT,MLN_USD,A,2003,198965.796,
CZE,GDP,TOT,MLN_USD,A,2004,213269.646,
CZE,GDP,TOT,MLN_USD,A,2005,225620.781,
CZE,GDP,TOT,MLN_USD,A,2006,244624.887,
CZE,GDP,TOT,MLN_USD,A,2007,270349.144,
CZE,GDP,TOT,MLN_USD,A,2008,290503.947,
CZE,GDP,TOT,MLN_USD,A,2009,290152.861,
CZE,GDP,TOT,MLN_USD,A,2010,292270.175,
CZE,GDP,TOT,MLN_USD,A,2011,304400.914,
CZE,GDP,TOT,MLN_USD,A,2012,307490.199,
CZE,GDP,TOT,MLN_USD,A,2013,324029.978,
CZE,GDP,TOT,MLN_USD,A,2014,342099.837,
CZE,GDP,TOT,MLN_USD,A,2015,357503.881,
CZE,GDP,TOT,MLN_USD,A,2016,381420.335,
CZE,GDP,TOT,MLN_USD,A,2017,411327.86,
CZE,GDP,TOT,MLN_USD,A,2018,437252.426,
CZE,GDP,TOT,MLN_USD,A,2019,458949.665,
CZE,GDP,TOT,MLN_USD,A,2020,446544.295,
DNK,GDP,TOT,MLN_USD,A,1966,16625.045,
DNK,GDP,TOT,MLN_USD,A,1967,17777.523,
DNK,GDP,TOT,MLN_USD,A,1968,19448.084,
DNK,GDP,TOT,MLN_USD,A,1969,21893.14,
DNK,GDP,TOT,MLN_USD,A,1970,20927.919,
DNK,GDP,TOT,MLN_USD,A,1971,22649.551,
DNK,GDP,TOT,MLN_USD,A,1972,24557.097,
DNK,GDP,TOT,MLN_USD,A,1973,26962.985,
DNK,GDP,TOT,MLN_USD,A,1974,29059.436,
DNK,GDP,TOT,MLN_USD,A,1975,31288.602,
DNK,GDP,TOT,MLN_USD,A,1976,34966.278,
DNK,GDP,TOT,MLN_USD,A,1977,37833.463,
DNK,GDP,TOT,MLN_USD,A,1978,41396.141,
DNK,GDP,TOT,MLN_USD,A,1979,46565.157,
DNK,GDP,TOT,MLN_USD,A,1980,50526.186,
DNK,GDP,TOT,MLN_USD,A,1981,54938.65,
DNK,GDP,TOT,MLN_USD,A,1982,60482.2,
DNK,GDP,TOT,MLN_USD,A,1983,64482.81,
DNK,GDP,TOT,MLN_USD,A,1984,69592.53,
DNK,GDP,TOT,MLN_USD,A,1985,74667.785,
DNK,GDP,TOT,MLN_USD,A,1986,79907.103,
DNK,GDP,TOT,MLN_USD,A,1987,82091.001,
DNK,GDP,TOT,MLN_USD,A,1988,84975.149,
DNK,GDP,TOT,MLN_USD,A,1989,88876.206,
DNK,GDP,TOT,MLN_USD,A,1990,93563.362,
DNK,GDP,TOT,MLN_USD,A,1991,98075.471,
DNK,GDP,TOT,MLN_USD,A,1992,102273.607,
DNK,GDP,TOT,MLN_USD,A,1993,104707.944,
DNK,GDP,TOT,MLN_USD,A,1994,112646.596,
DNK,GDP,TOT,MLN_USD,A,1995,118490.59,
DNK,GDP,TOT,MLN_USD,A,1996,124645.348,
DNK,GDP,TOT,MLN_USD,A,1997,131700.486,
DNK,GDP,TOT,MLN_USD,A,1998,136917.875,
DNK,GDP,TOT,MLN_USD,A,1999,141846.299,
DNK,GDP,TOT,MLN_USD,A,2000,153089.947,
DNK,GDP,TOT,MLN_USD,A,2001,157816.394,
DNK,GDP,TOT,MLN_USD,A,2002,164720.391,
DNK,GDP,TOT,MLN_USD,A,2003,165968.36,
DNK,GDP,TOT,MLN_USD,A,2004,177870.417,
DNK,GDP,TOT,MLN_USD,A,2005,185074.466,
DNK,GDP,TOT,MLN_USD,A,2006,202725.721,
DNK,GDP,TOT,MLN_USD,A,2007,212771.394,
DNK,GDP,TOT,MLN_USD,A,2008,226767.494,
DNK,GDP,TOT,MLN_USD,A,2009,222918.17,
DNK,GDP,TOT,MLN_USD,A,2010,238749.494,
DNK,GDP,TOT,MLN_USD,A,2011,247352.237,
DNK,GDP,TOT,MLN_USD,A,2012,250524.599,
DNK,GDP,TOT,MLN_USD,A,2013,262368.12,
DNK,GDP,TOT,MLN_USD,A,2014,270330.607,
DNK,GDP,TOT,MLN_USD,A,2015,278748.365,
DNK,GDP,TOT,MLN_USD,A,2016,297719.06,
DNK,GDP,TOT,MLN_USD,A,2017,319130.165,
DNK,GDP,TOT,MLN_USD,A,2018,332918.429,
DNK,GDP,TOT,MLN_USD,A,2019,350812.056,
DNK,GDP,TOT,MLN_USD,A,2020,352207.801,
FIN,GDP,TOT,MLN_USD,A,1970,15545.511,E
FIN,GDP,TOT,MLN_USD,A,1971,16718.505,E
FIN,GDP,TOT,MLN_USD,A,1972,18790.37,E
FIN,GDP,TOT,MLN_USD,A,1973,21204.258,E
FIN,GDP,TOT,MLN_USD,A,1974,23860.403,E
FIN,GDP,TOT,MLN_USD,A,1975,26541.047,E
FIN,GDP,TOT,MLN_USD,A,1976,28098.137,E
FIN,GDP,TOT,MLN_USD,A,1977,29915.454,E
FIN,GDP,TOT,MLN_USD,A,1978,32954.538,E
FIN,GDP,TOT,MLN_USD,A,1979,38230.362,E
FIN,GDP,TOT,MLN_USD,A,1980,43930.08,
FIN,GDP,TOT,MLN_USD,A,1981,48719.588,
FIN,GDP,TOT,MLN_USD,A,1982,53337.393,
FIN,GDP,TOT,MLN_USD,A,1983,57153.909,
FIN,GDP,TOT,MLN_USD,A,1984,61133.087,
FIN,GDP,TOT,MLN_USD,A,1985,65304.549,
FIN,GDP,TOT,MLN_USD,A,1986,68455.509,
FIN,GDP,TOT,MLN_USD,A,1987,72655.738,
FIN,GDP,TOT,MLN_USD,A,1988,79142.893,
FIN,GDP,TOT,MLN_USD,A,1989,86429.513,
FIN,GDP,TOT,MLN_USD,A,1990,90265.862,
FIN,GDP,TOT,MLN_USD,A,1991,87825.403,
FIN,GDP,TOT,MLN_USD,A,1992,86867.373,
FIN,GDP,TOT,MLN_USD,A,1993,88336.821,
FIN,GDP,TOT,MLN_USD,A,1994,93798.735,
FIN,GDP,TOT,MLN_USD,A,1995,99803.842,
FIN,GDP,TOT,MLN_USD,A,1996,102688.609,
FIN,GDP,TOT,MLN_USD,A,1997,111981.083,
FIN,GDP,TOT,MLN_USD,A,1998,121498.841,
FIN,GDP,TOT,MLN_USD,A,1999,127934.786,
FIN,GDP,TOT,MLN_USD,A,2000,138703.58,
FIN,GDP,TOT,MLN_USD,A,2001,144266.623,
FIN,GDP,TOT,MLN_USD,A,2002,148763.802,
FIN,GDP,TOT,MLN_USD,A,2003,151289.787,
FIN,GDP,TOT,MLN_USD,A,2004,162992.94,
FIN,GDP,TOT,MLN_USD,A,2005,168146.753,
FIN,GDP,TOT,MLN_USD,A,2006,181207.156,
FIN,GDP,TOT,MLN_USD,A,2007,199873.495,
FIN,GDP,TOT,MLN_USD,A,2008,212980.742,
FIN,GDP,TOT,MLN_USD,A,2009,202878.3,
FIN,GDP,TOT,MLN_USD,A,2010,209096.826,
FIN,GDP,TOT,MLN_USD,A,2011,220471.171,
FIN,GDP,TOT,MLN_USD,A,2012,221285.636,
FIN,GDP,TOT,MLN_USD,A,2013,225679.983,
FIN,GDP,TOT,MLN_USD,A,2014,228058.636,
FIN,GDP,TOT,MLN_USD,A,2015,232867.602,
FIN,GDP,TOT,MLN_USD,A,2016,246928.493,
FIN,GDP,TOT,MLN_USD,A,2017,262026.563,
FIN,GDP,TOT,MLN_USD,A,2018,274425.751,
FIN,GDP,TOT,MLN_USD,A,2019,284674.869,
FIN,GDP,TOT,MLN_USD,A,2020,282563.407,
FRA,GDP,TOT,MLN_USD,A,1960,84286.645,
FRA,GDP,TOT,MLN_USD,A,1961,89236.064,
FRA,GDP,TOT,MLN_USD,A,1962,97734.662,
FRA,GDP,TOT,MLN_USD,A,1963,104468.637,
FRA,GDP,TOT,MLN_USD,A,1964,113249.46,
FRA,GDP,TOT,MLN_USD,A,1965,122389.747,
FRA,GDP,TOT,MLN_USD,A,1966,133414.117,
FRA,GDP,TOT,MLN_USD,A,1967,143803.056,
FRA,GDP,TOT,MLN_USD,A,1968,157794.703,
FRA,GDP,TOT,MLN_USD,A,1969,179129.265,
FRA,GDP,TOT,MLN_USD,A,1970,191396.986,
FRA,GDP,TOT,MLN_USD,A,1971,211791.061,
FRA,GDP,TOT,MLN_USD,A,1972,230914.012,
FRA,GDP,TOT,MLN_USD,A,1973,259021.186,
FRA,GDP,TOT,MLN_USD,A,1974,294472.454,
FRA,GDP,TOT,MLN_USD,A,1975,318659.915,
FRA,GDP,TOT,MLN_USD,A,1976,350844.298,
FRA,GDP,TOT,MLN_USD,A,1977,385553.046,
FRA,GDP,TOT,MLN_USD,A,1978,429090.56,
FRA,GDP,TOT,MLN_USD,A,1979,481186.916,
FRA,GDP,TOT,MLN_USD,A,1980,532935.642,
FRA,GDP,TOT,MLN_USD,A,1981,589599.228,
FRA,GDP,TOT,MLN_USD,A,1982,641710.412,
FRA,GDP,TOT,MLN_USD,A,1983,675119.392,
FRA,GDP,TOT,MLN_USD,A,1984,710063.913,
FRA,GDP,TOT,MLN_USD,A,1985,744406.479,
FRA,GDP,TOT,MLN_USD,A,1986,777147.28,
FRA,GDP,TOT,MLN_USD,A,1987,816764.199,
FRA,GDP,TOT,MLN_USD,A,1988,885681.871,
FRA,GDP,TOT,MLN_USD,A,1989,960384.657,
FRA,GDP,TOT,MLN_USD,A,1990,1025467.267,
FRA,GDP,TOT,MLN_USD,A,1991,1071258.248,
FRA,GDP,TOT,MLN_USD,A,1992,1113194.79,
FRA,GDP,TOT,MLN_USD,A,1993,1132405.395,
FRA,GDP,TOT,MLN_USD,A,1994,1183862.802,
FRA,GDP,TOT,MLN_USD,A,1995,1234149.753,
FRA,GDP,TOT,MLN_USD,A,1996,1273114.085,
FRA,GDP,TOT,MLN_USD,A,1997,1333377.621,
FRA,GDP,TOT,MLN_USD,A,1998,1405861.087,
FRA,GDP,TOT,MLN_USD,A,1999,1470523.886,
FRA,GDP,TOT,MLN_USD,A,2000,1589936.939,
FRA,GDP,TOT,MLN_USD,A,2001,1687447.704,
FRA,GDP,TOT,MLN_USD,A,2002,1762925.935,
FRA,GDP,TOT,MLN_USD,A,2003,1751797.978,
FRA,GDP,TOT,MLN_USD,A,2004,1820723.319,
FRA,GDP,TOT,MLN_USD,A,2005,1926880.385,
FRA,GDP,TOT,MLN_USD,A,2006,2062931.189,
FRA,GDP,TOT,MLN_USD,A,2007,2181667.496,
FRA,GDP,TOT,MLN_USD,A,2008,2259255.844,
FRA,GDP,TOT,MLN_USD,A,2009,2245566.431,
FRA,GDP,TOT,MLN_USD,A,2010,2336459.963,
FRA,GDP,TOT,MLN_USD,A,2011,2446474.544,
FRA,GDP,TOT,MLN_USD,A,2012,2474005.287,
FRA,GDP,TOT,MLN_USD,A,2013,2608523.504,
FRA,GDP,TOT,MLN_USD,A,2014,2662032.873,
FRA,GDP,TOT,MLN_USD,A,2015,2718495.127,
FRA,GDP,TOT,MLN_USD,A,2016,2864105.631,
FRA,GDP,TOT,MLN_USD,A,2017,2983010.673,
FRA,GDP,TOT,MLN_USD,A,2018,3128336.847,
FRA,GDP,TOT,MLN_USD,A,2019,3336886.582,P
FRA,GDP,TOT,MLN_USD,A,2020,3147996.901,P
DEU,GDP,TOT,MLN_USD,A,1970,313588.825,E
DEU,GDP,TOT,MLN_USD,A,1971,339806.909,E
DEU,GDP,TOT,MLN_USD,A,1972,369740.5,E
DEU,GDP,TOT,MLN_USD,A,1973,408634.128,E
DEU,GDP,TOT,MLN_USD,A,1974,449370.262,E
DEU,GDP,TOT,MLN_USD,A,1975,486738.097,E
DEU,GDP,TOT,MLN_USD,A,1976,538940.87,E
DEU,GDP,TOT,MLN_USD,A,1977,591587.583,E
DEU,GDP,TOT,MLN_USD,A,1978,652248.608,E
DEU,GDP,TOT,MLN_USD,A,1979,735679.663,E
DEU,GDP,TOT,MLN_USD,A,1980,813434.564,E
DEU,GDP,TOT,MLN_USD,A,1981,895115.59,E
DEU,GDP,TOT,MLN_USD,A,1982,946665.165,E
DEU,GDP,TOT,MLN_USD,A,1983,999212.371,E
DEU,GDP,TOT,MLN_USD,A,1984,1064486.011,E
DEU,GDP,TOT,MLN_USD,A,1985,1123714.034,E
DEU,GDP,TOT,MLN_USD,A,1986,1172565.241,E
DEU,GDP,TOT,MLN_USD,A,1987,1218404.493,E
DEU,GDP,TOT,MLN_USD,A,1988,1308145.382,E
DEU,GDP,TOT,MLN_USD,A,1989,1412399.974,E
DEU,GDP,TOT,MLN_USD,A,1990,1542270.904,E
DEU,GDP,TOT,MLN_USD,A,1991,1675874.205,B
DEU,GDP,TOT,MLN_USD,A,1992,1747028.659,
DEU,GDP,TOT,MLN_USD,A,1993,1770950.493,
DEU,GDP,TOT,MLN_USD,A,1994,1852030.727,
DEU,GDP,TOT,MLN_USD,A,1995,1920062.397,
DEU,GDP,TOT,MLN_USD,A,1996,1967539.568,
DEU,GDP,TOT,MLN_USD,A,1997,2015112.101,
DEU,GDP,TOT,MLN_USD,A,1998,2079407.818,
DEU,GDP,TOT,MLN_USD,A,1999,2158515.841,
DEU,GDP,TOT,MLN_USD,A,2000,2237046.164,
DEU,GDP,TOT,MLN_USD,A,2001,2337156.838,
DEU,GDP,TOT,MLN_USD,A,2002,2406900.908,
DEU,GDP,TOT,MLN_USD,A,2003,2465900.62,
DEU,GDP,TOT,MLN_USD,A,2004,2583409.013,
DEU,GDP,TOT,MLN_USD,A,2005,2622039.802,
DEU,GDP,TOT,MLN_USD,A,2006,2810242.832,
DEU,GDP,TOT,MLN_USD,A,2007,2981616.28,
DEU,GDP,TOT,MLN_USD,A,2008,3103958.247,
DEU,GDP,TOT,MLN_USD,A,2009,3017520.905,
DEU,GDP,TOT,MLN_USD,A,2010,3187863.278,
DEU,GDP,TOT,MLN_USD,A,2011,3415019.966,
DEU,GDP,TOT,MLN_USD,A,2012,3487234.448,
DEU,GDP,TOT,MLN_USD,A,2013,3628559.337,
DEU,GDP,TOT,MLN_USD,A,2014,3807114.521,
DEU,GDP,TOT,MLN_USD,A,2015,3889081.896,
DEU,GDP,TOT,MLN_USD,A,2016,4165169.905,
DEU,GDP,TOT,MLN_USD,A,2017,4376927.671,
DEU,GDP,TOT,MLN_USD,A,2018,4556073.246,
DEU,GDP,TOT,MLN_USD,A,2019,4644164.145,
DEU,GDP,TOT,MLN_USD,A,2020,4474844.904,P
GRC,GDP,TOT,MLN_USD,A,1960,6847.866,E
GRC,GDP,TOT,MLN_USD,A,1961,10059.651,E
GRC,GDP,TOT,MLN_USD,A,1962,10327.582,E
GRC,GDP,TOT,MLN_USD,A,1963,11720.06,E
GRC,GDP,TOT,MLN_USD,A,1964,13052.841,E
GRC,GDP,TOT,MLN_USD,A,1965,14862.216,E
GRC,GDP,TOT,MLN_USD,A,1966,16379.735,E
GRC,GDP,TOT,MLN_USD,A,1967,17805.334,E
GRC,GDP,TOT,MLN_USD,A,1968,20016.157,E
GRC,GDP,TOT,MLN_USD,A,1969,23485.907,E
GRC,GDP,TOT,MLN_USD,A,1970,27465.262,E
GRC,GDP,TOT,MLN_USD,A,1971,31120.306,E
GRC,GDP,TOT,MLN_USD,A,1972,35764.102,E
GRC,GDP,TOT,MLN_USD,A,1973,40776.702,E
GRC,GDP,TOT,MLN_USD,A,1974,41584.532,E
GRC,GDP,TOT,MLN_USD,A,1975,48329.177,E
GRC,GDP,TOT,MLN_USD,A,1976,54482.638,E
GRC,GDP,TOT,MLN_USD,A,1977,59569.735,E
GRC,GDP,TOT,MLN_USD,A,1978,68380.347,E
GRC,GDP,TOT,MLN_USD,A,1979,76484.087,E
GRC,GDP,TOT,MLN_USD,A,1980,83957.603,E
GRC,GDP,TOT,MLN_USD,A,1981,90473.923,E
GRC,GDP,TOT,MLN_USD,A,1982,94975.549,E
GRC,GDP,TOT,MLN_USD,A,1983,97630.97,E
GRC,GDP,TOT,MLN_USD,A,1984,103186.985,E
GRC,GDP,TOT,MLN_USD,A,1985,109121.647,E
GRC,GDP,TOT,MLN_USD,A,1986,111895.497,E
GRC,GDP,TOT,MLN_USD,A,1987,112072.045,E
GRC,GDP,TOT,MLN_USD,A,1988,121000.321,E
GRC,GDP,TOT,MLN_USD,A,1989,130522.216,E
GRC,GDP,TOT,MLN_USD,A,1990,135408.097,E
GRC,GDP,TOT,MLN_USD,A,1991,144326.874,E
GRC,GDP,TOT,MLN_USD,A,1992,148649.263,E
GRC,GDP,TOT,MLN_USD,A,1993,149736.445,E
GRC,GDP,TOT,MLN_USD,A,1994,155992.561,E
GRC,GDP,TOT,MLN_USD,A,1995,162607.547,
GRC,GDP,TOT,MLN_USD,A,1996,170909.839,
GRC,GDP,TOT,MLN_USD,A,1997,182840.026,
GRC,GDP,TOT,MLN_USD,A,1998,193323.724,
GRC,GDP,TOT,MLN_USD,A,1999,198711.939,
GRC,GDP,TOT,MLN_USD,A,2000,210979.958,
GRC,GDP,TOT,MLN_USD,A,2001,227712.096,
GRC,GDP,TOT,MLN_USD,A,2002,246559.281,
GRC,GDP,TOT,MLN_USD,A,2003,260874.534,
GRC,GDP,TOT,MLN_USD,A,2004,278691.884,
GRC,GDP,TOT,MLN_USD,A,2005,281028.396,
GRC,GDP,TOT,MLN_USD,A,2006,314201.08,
GRC,GDP,TOT,MLN_USD,A,2007,323551.015,
GRC,GDP,TOT,MLN_USD,A,2008,341817.829,
GRC,GDP,TOT,MLN_USD,A,2009,337447.85,
GRC,GDP,TOT,MLN_USD,A,2010,310668.24,B
GRC,GDP,TOT,MLN_USD,A,2011,285079.561,
GRC,GDP,TOT,MLN_USD,A,2012,275155.48,
GRC,GDP,TOT,MLN_USD,A,2013,284524.655,
GRC,GDP,TOT,MLN_USD,A,2014,290197.021,
GRC,GDP,TOT,MLN_USD,A,2015,289145.992,
GRC,GDP,TOT,MLN_USD,A,2016,296029.545,
GRC,GDP,TOT,MLN_USD,A,2017,308068.164,
GRC,GDP,TOT,MLN_USD,A,2018,318561.979,P
GRC,GDP,TOT,MLN_USD,A,2019,330966.206,P
GRC,GDP,TOT,MLN_USD,A,2020,305005.063,P
HUN,GDP,TOT,MLN_USD,A,1991,86153.044,E
HUN,GDP,TOT,MLN_USD,A,1992,85416.346,E
HUN,GDP,TOT,MLN_USD,A,1993,86936.351,E
HUN,GDP,TOT,MLN_USD,A,1994,91409.629,E
HUN,GDP,TOT,MLN_USD,A,1995,94716.456,
HUN,GDP,TOT,MLN_USD,A,1996,96196.504,
HUN,GDP,TOT,MLN_USD,A,1997,101067.167,
HUN,GDP,TOT,MLN_USD,A,1998,106748.524,
HUN,GDP,TOT,MLN_USD,A,1999,111315.201,
HUN,GDP,TOT,MLN_USD,A,2000,121085.109,
HUN,GDP,TOT,MLN_USD,A,2001,134614.917,
HUN,GDP,TOT,MLN_USD,A,2002,147567.884,
HUN,GDP,TOT,MLN_USD,A,2003,156657.223,
HUN,GDP,TOT,MLN_USD,A,2004,164041.614,
HUN,GDP,TOT,MLN_USD,A,2005,172222.023,
HUN,GDP,TOT,MLN_USD,A,2006,184680.779,
HUN,GDP,TOT,MLN_USD,A,2007,191472.991,
HUN,GDP,TOT,MLN_USD,A,2008,207757.652,
HUN,GDP,TOT,MLN_USD,A,2009,207359.074,
HUN,GDP,TOT,MLN_USD,A,2010,217167.008,
HUN,GDP,TOT,MLN_USD,A,2011,229348.032,
HUN,GDP,TOT,MLN_USD,A,2012,230214.451,
HUN,GDP,TOT,MLN_USD,A,2013,242367.239,
HUN,GDP,TOT,MLN_USD,A,2014,253001.466,
HUN,GDP,TOT,MLN_USD,A,2015,263571.392,
HUN,GDP,TOT,MLN_USD,A,2016,273925.72,
HUN,GDP,TOT,MLN_USD,A,2017,288403.654,
HUN,GDP,TOT,MLN_USD,A,2018,311175.568,
HUN,GDP,TOT,MLN_USD,A,2019,331796.894,P
HUN,GDP,TOT,MLN_USD,A,2020,322562.098,P
ISL,GDP,TOT,MLN_USD,A,1970,785.296,E
ISL,GDP,TOT,MLN_USD,A,1971,932.875,E
ISL,GDP,TOT,MLN_USD,A,1972,1033.315,E
ISL,GDP,TOT,MLN_USD,A,1973,1164.126,E
ISL,GDP,TOT,MLN_USD,A,1974,1341.286,E
ISL,GDP,TOT,MLN_USD,A,1975,1474.994,E
ISL,GDP,TOT,MLN_USD,A,1976,1648.904,E
ISL,GDP,TOT,MLN_USD,A,1977,1905.868,E
ISL,GDP,TOT,MLN_USD,A,1978,2162.66,E
ISL,GDP,TOT,MLN_USD,A,1979,2455.925,E
ISL,GDP,TOT,MLN_USD,A,1980,2831.687,E
ISL,GDP,TOT,MLN_USD,A,1981,3231.825,E
ISL,GDP,TOT,MLN_USD,A,1982,3505.428,E
ISL,GDP,TOT,MLN_USD,A,1983,3564.367,E
ISL,GDP,TOT,MLN_USD,A,1984,3845.445,E
ISL,GDP,TOT,MLN_USD,A,1985,4097.684,E
ISL,GDP,TOT,MLN_USD,A,1986,4442.329,E
ISL,GDP,TOT,MLN_USD,A,1987,4941.191,E
ISL,GDP,TOT,MLN_USD,A,1988,5110.898,E
ISL,GDP,TOT,MLN_USD,A,1989,5324.989,E
ISL,GDP,TOT,MLN_USD,A,1990,5588.921,E
ISL,GDP,TOT,MLN_USD,A,1991,5765.009,E
ISL,GDP,TOT,MLN_USD,A,1992,5697.451,E
ISL,GDP,TOT,MLN_USD,A,1993,5909.046,E
ISL,GDP,TOT,MLN_USD,A,1994,6253.029,E
ISL,GDP,TOT,MLN_USD,A,1995,6391.587,
ISL,GDP,TOT,MLN_USD,A,1996,6646.209,
ISL,GDP,TOT,MLN_USD,A,1997,7283.499,
ISL,GDP,TOT,MLN_USD,A,1998,7870.617,
ISL,GDP,TOT,MLN_USD,A,1999,8198.7,
ISL,GDP,TOT,MLN_USD,A,2000,8377.672,
ISL,GDP,TOT,MLN_USD,A,2001,9087.577,
ISL,GDP,TOT,MLN_USD,A,2002,9375.293,
ISL,GDP,TOT,MLN_USD,A,2003,9457.361,
ISL,GDP,TOT,MLN_USD,A,2004,10393.946,
ISL,GDP,TOT,MLN_USD,A,2005,11074.926,
ISL,GDP,TOT,MLN_USD,A,2006,12044.114,
ISL,GDP,TOT,MLN_USD,A,2007,12902.915,
ISL,GDP,TOT,MLN_USD,A,2008,13879.916,
ISL,GDP,TOT,MLN_USD,A,2009,13343.517,
ISL,GDP,TOT,MLN_USD,A,2010,12659.835,
ISL,GDP,TOT,MLN_USD,A,2011,13059.434,
ISL,GDP,TOT,MLN_USD,A,2012,13471.498,
ISL,GDP,TOT,MLN_USD,A,2013,14378.252,
ISL,GDP,TOT,MLN_USD,A,2014,15058.764,
ISL,GDP,TOT,MLN_USD,A,2015,16276.45,
ISL,GDP,TOT,MLN_USD,A,2016,17939.411,
ISL,GDP,TOT,MLN_USD,A,2017,19106.258,
ISL,GDP,TOT,MLN_USD,A,2018,20536.241,
ISL,GDP,TOT,MLN_USD,A,2019,21663.292,
ISL,GDP,TOT,MLN_USD,A,2020,20232.532,
IRL,GDP,TOT,MLN_USD,A,1970,7235.393,E
IRL,GDP,TOT,MLN_USD,A,1971,7865.952,E
IRL,GDP,TOT,MLN_USD,A,1972,8738.532,E
IRL,GDP,TOT,MLN_USD,A,1973,9652.585,E
IRL,GDP,TOT,MLN_USD,A,1974,10969.418,E
IRL,GDP,TOT,MLN_USD,A,1975,12663.45,E
IRL,GDP,TOT,MLN_USD,A,1976,13546.72,E
IRL,GDP,TOT,MLN_USD,A,1977,15569.903,E
IRL,GDP,TOT,MLN_USD,A,1978,17862.738,E
IRL,GDP,TOT,MLN_USD,A,1979,19939.207,E
IRL,GDP,TOT,MLN_USD,A,1980,22409.778,E
IRL,GDP,TOT,MLN_USD,A,1981,25345.915,E
IRL,GDP,TOT,MLN_USD,A,1982,27526.366,E
IRL,GDP,TOT,MLN_USD,A,1983,28534.63,E
IRL,GDP,TOT,MLN_USD,A,1984,30851.409,E
IRL,GDP,TOT,MLN_USD,A,1985,32809.129,E
IRL,GDP,TOT,MLN_USD,A,1986,33326.508,E
IRL,GDP,TOT,MLN_USD,A,1987,35742.973,E
IRL,GDP,TOT,MLN_USD,A,1988,38934.425,E
IRL,GDP,TOT,MLN_USD,A,1989,42813.144,E
IRL,GDP,TOT,MLN_USD,A,1990,48176.258,E
IRL,GDP,TOT,MLN_USD,A,1991,50766.527,E
IRL,GDP,TOT,MLN_USD,A,1992,53659.393,E
IRL,GDP,TOT,MLN_USD,A,1993,56409.804,E
IRL,GDP,TOT,MLN_USD,A,1994,60930.551,E
IRL,GDP,TOT,MLN_USD,A,1995,68201.558,
IRL,GDP,TOT,MLN_USD,A,1996,74317.043,
IRL,GDP,TOT,MLN_USD,A,1997,83140.526,
IRL,GDP,TOT,MLN_USD,A,1998,93157.139,
IRL,GDP,TOT,MLN_USD,A,1999,101534.479,
IRL,GDP,TOT,MLN_USD,A,2000,114987.727,
IRL,GDP,TOT,MLN_USD,A,2001,125967.524,
IRL,GDP,TOT,MLN_USD,A,2002,138490.842,
IRL,GDP,TOT,MLN_USD,A,2003,144856.325,
IRL,GDP,TOT,MLN_USD,A,2004,157524.601,
IRL,GDP,TOT,MLN_USD,A,2005,168336.081,
IRL,GDP,TOT,MLN_USD,A,2006,188778.262,
IRL,GDP,TOT,MLN_USD,A,2007,205504.05,
IRL,GDP,TOT,MLN_USD,A,2008,198299.13,
IRL,GDP,TOT,MLN_USD,A,2009,188225.344,
IRL,GDP,TOT,MLN_USD,A,2010,197163.475,
IRL,GDP,TOT,MLN_USD,A,2011,206471.066,
IRL,GDP,TOT,MLN_USD,A,2012,213240.963,
IRL,GDP,TOT,MLN_USD,A,2013,221159.998,
IRL,GDP,TOT,MLN_USD,A,2014,238002.345,
IRL,GDP,TOT,MLN_USD,A,2015,324570.163,
IRL,GDP,TOT,MLN_USD,A,2016,339999.931,
IRL,GDP,TOT,MLN_USD,A,2017,373770.633,
IRL,GDP,TOT,MLN_USD,A,2018,412094.277,
IRL,GDP,TOT,MLN_USD,A,2019,441873.65,
IRL,GDP,TOT,MLN_USD,A,2020,475683.816,
ITA,GDP,TOT,MLN_USD,A,1970,195018.465,E
ITA,GDP,TOT,MLN_USD,A,1971,208629.625,E
ITA,GDP,TOT,MLN_USD,A,1972,225680.458,E
ITA,GDP,TOT,MLN_USD,A,1973,255010.422,E
ITA,GDP,TOT,MLN_USD,A,1974,293246.104,E
ITA,GDP,TOT,MLN_USD,A,1975,313711.339,E
ITA,GDP,TOT,MLN_USD,A,1976,354559.402,E
ITA,GDP,TOT,MLN_USD,A,1977,386232.024,E
ITA,GDP,TOT,MLN_USD,A,1978,426793.645,E
ITA,GDP,TOT,MLN_USD,A,1979,489746.375,E
ITA,GDP,TOT,MLN_USD,A,1980,552301.133,E
ITA,GDP,TOT,MLN_USD,A,1981,609664.733,E
ITA,GDP,TOT,MLN_USD,A,1982,650008.43,E
ITA,GDP,TOT,MLN_USD,A,1983,683365.386,E
ITA,GDP,TOT,MLN_USD,A,1984,730858.933,E
ITA,GDP,TOT,MLN_USD,A,1985,775068.718,E
ITA,GDP,TOT,MLN_USD,A,1986,813290.958,E
ITA,GDP,TOT,MLN_USD,A,1987,860001.309,E
ITA,GDP,TOT,MLN_USD,A,1988,927681.412,E
ITA,GDP,TOT,MLN_USD,A,1989,996715.37,E
ITA,GDP,TOT,MLN_USD,A,1990,1054559.203,E
ITA,GDP,TOT,MLN_USD,A,1991,1106994.301,E
ITA,GDP,TOT,MLN_USD,A,1992,1141667.537,E
ITA,GDP,TOT,MLN_USD,A,1993,1158749.958,E
ITA,GDP,TOT,MLN_USD,A,1994,1208950.871,E
ITA,GDP,TOT,MLN_USD,A,1995,1269932.783,
ITA,GDP,TOT,MLN_USD,A,1996,1307915.738,
ITA,GDP,TOT,MLN_USD,A,1997,1357832.084,
ITA,GDP,TOT,MLN_USD,A,1998,1423810.617,
ITA,GDP,TOT,MLN_USD,A,1999,1457193.11,
ITA,GDP,TOT,MLN_USD,A,2000,1542231.344,
ITA,GDP,TOT,MLN_USD,A,2001,1597887.213,
ITA,GDP,TOT,MLN_USD,A,2002,1639680.501,
ITA,GDP,TOT,MLN_USD,A,2003,1671645.374,
ITA,GDP,TOT,MLN_USD,A,2004,1703460.096,
ITA,GDP,TOT,MLN_USD,A,2005,1746658.11,
ITA,GDP,TOT,MLN_USD,A,2006,1884457.559,
ITA,GDP,TOT,MLN_USD,A,2007,1992732.867,
ITA,GDP,TOT,MLN_USD,A,2008,2089717.307,
ITA,GDP,TOT,MLN_USD,A,2009,2046377.425,
ITA,GDP,TOT,MLN_USD,A,2010,2085694.44,
ITA,GDP,TOT,MLN_USD,A,2011,2173169.961,
ITA,GDP,TOT,MLN_USD,A,2012,2172383.108,
ITA,GDP,TOT,MLN_USD,A,2013,2187376.607,
ITA,GDP,TOT,MLN_USD,A,2014,2200256.409,
ITA,GDP,TOT,MLN_USD,A,2015,2240922.483,
ITA,GDP,TOT,MLN_USD,A,2016,2420672.141,
ITA,GDP,TOT,MLN_USD,A,2017,2517184.468,
ITA,GDP,TOT,MLN_USD,A,2018,2605604.586,
ITA,GDP,TOT,MLN_USD,A,2019,2678904.139,
ITA,GDP,TOT,MLN_USD,A,2020,2491740.205,
JPN,GDP,TOT,MLN_USD,A,1970,341295.722,E
JPN,GDP,TOT,MLN_USD,A,1971,375446.958,E
JPN,GDP,TOT,MLN_USD,A,1972,424630.55,E
JPN,GDP,TOT,MLN_USD,A,1973,483877.803,E
JPN,GDP,TOT,MLN_USD,A,1974,520958.289,E
JPN,GDP,TOT,MLN_USD,A,1975,586810.335,E
JPN,GDP,TOT,MLN_USD,A,1976,643714.092,E
JPN,GDP,TOT,MLN_USD,A,1977,713727.555,E
JPN,GDP,TOT,MLN_USD,A,1978,804203.91,E
JPN,GDP,TOT,MLN_USD,A,1979,918687.351,E
JPN,GDP,TOT,MLN_USD,A,1980,1029895.752,
JPN,GDP,TOT,MLN_USD,A,1981,1174800.151,
JPN,GDP,TOT,MLN_USD,A,1982,1288700.89,
JPN,GDP,TOT,MLN_USD,A,1983,1386356.156,
JPN,GDP,TOT,MLN_USD,A,1984,1501037.357,
JPN,GDP,TOT,MLN_USD,A,1985,1629546.124,
JPN,GDP,TOT,MLN_USD,A,1986,1717662.434,
JPN,GDP,TOT,MLN_USD,A,1987,1843397.445,
JPN,GDP,TOT,MLN_USD,A,1988,2037908.958,
JPN,GDP,TOT,MLN_USD,A,1989,2220685.5,
JPN,GDP,TOT,MLN_USD,A,1990,2416532.189,
JPN,GDP,TOT,MLN_USD,A,1991,2583631.115,
JPN,GDP,TOT,MLN_USD,A,1992,2664920.015,
JPN,GDP,TOT,MLN_USD,A,1993,2713930.31,
JPN,GDP,TOT,MLN_USD,A,1994,2851756.573,
JPN,GDP,TOT,MLN_USD,A,1995,2988456.484,
JPN,GDP,TOT,MLN_USD,A,1996,3140144.839,
JPN,GDP,TOT,MLN_USD,A,1997,3225655.848,
JPN,GDP,TOT,MLN_USD,A,1998,3221118.178,
JPN,GDP,TOT,MLN_USD,A,1999,3258971.755,
JPN,GDP,TOT,MLN_USD,A,2000,3460607.15,
JPN,GDP,TOT,MLN_USD,A,2001,3550872.177,
JPN,GDP,TOT,MLN_USD,A,2002,3647933.242,
JPN,GDP,TOT,MLN_USD,A,2003,3755614.102,
JPN,GDP,TOT,MLN_USD,A,2004,3940077.56,
JPN,GDP,TOT,MLN_USD,A,2005,4110440.486,
JPN,GDP,TOT,MLN_USD,A,2006,4297284.628,
JPN,GDP,TOT,MLN_USD,A,2007,4479299.619,
JPN,GDP,TOT,MLN_USD,A,2008,4517267.524,
JPN,GDP,TOT,MLN_USD,A,2009,4298203.336,
JPN,GDP,TOT,MLN_USD,A,2010,4527142.943,
JPN,GDP,TOT,MLN_USD,A,2011,4629400.467,
JPN,GDP,TOT,MLN_USD,A,2012,4799612.88,
JPN,GDP,TOT,MLN_USD,A,2013,5021591.104,
JPN,GDP,TOT,MLN_USD,A,2014,5034454.619,
JPN,GDP,TOT,MLN_USD,A,2015,5199915.223,
JPN,GDP,TOT,MLN_USD,A,2016,5158900.414,
JPN,GDP,TOT,MLN_USD,A,2017,5262254.967,
JPN,GDP,TOT,MLN_USD,A,2018,5363113.046,
JPN,GDP,TOT,MLN_USD,A,2019,5416302.286,
JPN,GDP,TOT,MLN_USD,A,2020,5242084.077,E
KOR,GDP,TOT,MLN_USD,A,1970,19354.629,
KOR,GDP,TOT,MLN_USD,A,1971,22480.254,
KOR,GDP,TOT,MLN_USD,A,1972,25143.934,
KOR,GDP,TOT,MLN_USD,A,1973,30473.092,
KOR,GDP,TOT,MLN_USD,A,1974,36374.656,
KOR,GDP,TOT,MLN_USD,A,1975,42859.799,
KOR,GDP,TOT,MLN_USD,A,1976,51197.085,
KOR,GDP,TOT,MLN_USD,A,1977,61086.218,
KOR,GDP,TOT,MLN_USD,A,1978,72544.307,
KOR,GDP,TOT,MLN_USD,A,1979,85375.391,
KOR,GDP,TOT,MLN_USD,A,1980,91555.453,
KOR,GDP,TOT,MLN_USD,A,1981,107480.61,
KOR,GDP,TOT,MLN_USD,A,1982,123636.499,
KOR,GDP,TOT,MLN_USD,A,1983,145664.638,
KOR,GDP,TOT,MLN_USD,A,1984,166844.324,
KOR,GDP,TOT,MLN_USD,A,1985,185612.99,
KOR,GDP,TOT,MLN_USD,A,1986,210799.334,
KOR,GDP,TOT,MLN_USD,A,1987,243495.949,
KOR,GDP,TOT,MLN_USD,A,1988,282304.362,
KOR,GDP,TOT,MLN_USD,A,1989,314121.51,
KOR,GDP,TOT,MLN_USD,A,1990,358069.111,
KOR,GDP,TOT,MLN_USD,A,1991,410076.141,
KOR,GDP,TOT,MLN_USD,A,1992,445419.836,
KOR,GDP,TOT,MLN_USD,A,1993,487332.513,
KOR,GDP,TOT,MLN_USD,A,1994,543872.66,
KOR,GDP,TOT,MLN_USD,A,1995,608664.203,
KOR,GDP,TOT,MLN_USD,A,1996,668716.335,
KOR,GDP,TOT,MLN_USD,A,1997,722222.441,
KOR,GDP,TOT,MLN_USD,A,1998,692888.317,
KOR,GDP,TOT,MLN_USD,A,1999,783492.526,
KOR,GDP,TOT,MLN_USD,A,2000,871501.091,
KOR,GDP,TOT,MLN_USD,A,2001,933833.021,
KOR,GDP,TOT,MLN_USD,A,2002,1019446.686,
KOR,GDP,TOT,MLN_USD,A,2003,1057684.215,
KOR,GDP,TOT,MLN_USD,A,2004,1142611.13,
KOR,GDP,TOT,MLN_USD,A,2005,1213618.157,
KOR,GDP,TOT,MLN_USD,A,2006,1301782.512,
KOR,GDP,TOT,MLN_USD,A,2007,1414277.971,
KOR,GDP,TOT,MLN_USD,A,2008,1468996.086,
KOR,GDP,TOT,MLN_USD,A,2009,1456054.669,
KOR,GDP,TOT,MLN_USD,A,2010,1573257.913,
KOR,GDP,TOT,MLN_USD,A,2011,1625275.456,
KOR,GDP,TOT,MLN_USD,A,2012,1684562.928,
KOR,GDP,TOT,MLN_USD,A,2013,1726902.753,
KOR,GDP,TOT,MLN_USD,A,2014,1792600.237,
KOR,GDP,TOT,MLN_USD,A,2015,1933588.947,
KOR,GDP,TOT,MLN_USD,A,2016,2026967.822,
KOR,GDP,TOT,MLN_USD,A,2017,2103651.26,
KOR,GDP,TOT,MLN_USD,A,2018,2192613.181,
KOR,GDP,TOT,MLN_USD,A,2019,2209423.793,P
KOR,GDP,TOT,MLN_USD,A,2020,2233001.065,E
LUX,GDP,TOT,MLN_USD,A,1970,1840.853,E
LUX,GDP,TOT,MLN_USD,A,1971,1985.757,E
LUX,GDP,TOT,MLN_USD,A,1972,2208.285,E
LUX,GDP,TOT,MLN_USD,A,1973,2522.923,E
LUX,GDP,TOT,MLN_USD,A,1974,2865.794,E
LUX,GDP,TOT,MLN_USD,A,1975,2925.476,E
LUX,GDP,TOT,MLN_USD,A,1976,3164.698,E
LUX,GDP,TOT,MLN_USD,A,1977,3414.097,E
LUX,GDP,TOT,MLN_USD,A,1978,3803.149,E
LUX,GDP,TOT,MLN_USD,A,1979,4215.288,E
LUX,GDP,TOT,MLN_USD,A,1980,4634.704,E
LUX,GDP,TOT,MLN_USD,A,1981,5045.298,E
LUX,GDP,TOT,MLN_USD,A,1982,5417.611,E
LUX,GDP,TOT,MLN_USD,A,1983,5798.086,E
LUX,GDP,TOT,MLN_USD,A,1984,6378.93,E
LUX,GDP,TOT,MLN_USD,A,1985,6764.373,E
LUX,GDP,TOT,MLN_USD,A,1986,7589.552,E
LUX,GDP,TOT,MLN_USD,A,1987,8084.478,E
LUX,GDP,TOT,MLN_USD,A,1988,9078.001,E
LUX,GDP,TOT,MLN_USD,A,1989,10358.227,E
LUX,GDP,TOT,MLN_USD,A,1990,11317.649,E
LUX,GDP,TOT,MLN_USD,A,1991,12711.787,E
LUX,GDP,TOT,MLN_USD,A,1992,13238.059,E
LUX,GDP,TOT,MLN_USD,A,1993,14120.965,E
LUX,GDP,TOT,MLN_USD,A,1994,14973.574,E
LUX,GDP,TOT,MLN_USD,A,1995,16182.056,
LUX,GDP,TOT,MLN_USD,A,1996,17105.366,
LUX,GDP,TOT,MLN_USD,A,1997,17967.424,
LUX,GDP,TOT,MLN_USD,A,1998,18854.742,
LUX,GDP,TOT,MLN_USD,A,1999,21794.066,
LUX,GDP,TOT,MLN_USD,A,2000,24155.879,
LUX,GDP,TOT,MLN_USD,A,2001,24679.32,
LUX,GDP,TOT,MLN_USD,A,2002,26222.382,
LUX,GDP,TOT,MLN_USD,A,2003,27117.641,
LUX,GDP,TOT,MLN_USD,A,2004,29344.122,
LUX,GDP,TOT,MLN_USD,A,2005,31733.102,
LUX,GDP,TOT,MLN_USD,A,2006,36831.649,
LUX,GDP,TOT,MLN_USD,A,2007,40300.663,
LUX,GDP,TOT,MLN_USD,A,2008,42362.964,
LUX,GDP,TOT,MLN_USD,A,2009,40978.43,
LUX,GDP,TOT,MLN_USD,A,2010,43438.662,
LUX,GDP,TOT,MLN_USD,A,2011,47690.506,
LUX,GDP,TOT,MLN_USD,A,2012,48646.452,
LUX,GDP,TOT,MLN_USD,A,2013,51940.087,
LUX,GDP,TOT,MLN_USD,A,2014,56353.755,
LUX,GDP,TOT,MLN_USD,A,2015,59081.017,
LUX,GDP,TOT,MLN_USD,A,2016,64406.168,
LUX,GDP,TOT,MLN_USD,A,2017,66973.383,
LUX,GDP,TOT,MLN_USD,A,2018,70914.212,
LUX,GDP,TOT,MLN_USD,A,2019,74996.716,
LUX,GDP,TOT,MLN_USD,A,2020,74835.804,
MEX,GDP,TOT,MLN_USD,A,1970,94084.926,E
MEX,GDP,TOT,MLN_USD,A,1971,102974.812,E
MEX,GDP,TOT,MLN_USD,A,1972,116543.715,E
MEX,GDP,TOT,MLN_USD,A,1973,133269.164,E
MEX,GDP,TOT,MLN_USD,A,1974,154137.704,E
MEX,GDP,TOT,MLN_USD,A,1975,177869.691,E
MEX,GDP,TOT,MLN_USD,A,1976,195611.88,E
MEX,GDP,TOT,MLN_USD,A,1977,214916.786,E
MEX,GDP,TOT,MLN_USD,A,1978,249012.257,E
MEX,GDP,TOT,MLN_USD,A,1979,294359.145,E
MEX,GDP,TOT,MLN_USD,A,1980,347662.92,E
MEX,GDP,TOT,MLN_USD,A,1981,414024.133,E
MEX,GDP,TOT,MLN_USD,A,1982,436496.887,E
MEX,GDP,TOT,MLN_USD,A,1983,434107.959,E
MEX,GDP,TOT,MLN_USD,A,1984,465959.073,E
MEX,GDP,TOT,MLN_USD,A,1985,494020.548,E
MEX,GDP,TOT,MLN_USD,A,1986,485051.096,E
MEX,GDP,TOT,MLN_USD,A,1987,506267.938,E
MEX,GDP,TOT,MLN_USD,A,1988,530653.793,E
MEX,GDP,TOT,MLN_USD,A,1989,574609.029,E
MEX,GDP,TOT,MLN_USD,A,1990,626331.703,E
MEX,GDP,TOT,MLN_USD,A,1991,674852.365,E
MEX,GDP,TOT,MLN_USD,A,1992,715277.773,E
MEX,GDP,TOT,MLN_USD,A,1993,758247.266,
MEX,GDP,TOT,MLN_USD,A,1994,812704.341,
MEX,GDP,TOT,MLN_USD,A,1995,777544.183,
MEX,GDP,TOT,MLN_USD,A,1996,845410.685,
MEX,GDP,TOT,MLN_USD,A,1997,918870.759,
MEX,GDP,TOT,MLN_USD,A,1998,977196.837,
MEX,GDP,TOT,MLN_USD,A,1999,1018601.794,
MEX,GDP,TOT,MLN_USD,A,2000,1096780.846,
MEX,GDP,TOT,MLN_USD,A,2001,1116305.245,
MEX,GDP,TOT,MLN_USD,A,2002,1137595.967,
MEX,GDP,TOT,MLN_USD,A,2003,1183622.677,
MEX,GDP,TOT,MLN_USD,A,2004,1263142.485,
MEX,GDP,TOT,MLN_USD,A,2005,1341775.456,
MEX,GDP,TOT,MLN_USD,A,2006,1485209.624,
MEX,GDP,TOT,MLN_USD,A,2007,1560053.895,
MEX,GDP,TOT,MLN_USD,A,2008,1653898.19,
MEX,GDP,TOT,MLN_USD,A,2009,1637276.794,
MEX,GDP,TOT,MLN_USD,A,2010,1741129.429,
MEX,GDP,TOT,MLN_USD,A,2011,1911319.096,
MEX,GDP,TOT,MLN_USD,A,2012,2012767.781,
MEX,GDP,TOT,MLN_USD,A,2013,2064490.947,
MEX,GDP,TOT,MLN_USD,A,2014,2173227.412,
MEX,GDP,TOT,MLN_USD,A,2015,2230188.94,
MEX,GDP,TOT,MLN_USD,A,2016,2383253.082,
MEX,GDP,TOT,MLN_USD,A,2017,2460766.096,
MEX,GDP,TOT,MLN_USD,A,2018,2556350.973,P
MEX,GDP,TOT,MLN_USD,A,2019,2608649.816,P
MEX,GDP,TOT,MLN_USD,A,2020,2428201.151,E
NLD,GDP,TOT,MLN_USD,A,1969,52607.563,E
NLD,GDP,TOT,MLN_USD,A,1970,57451.877,E
NLD,GDP,TOT,MLN_USD,A,1971,62978.442,E
NLD,GDP,TOT,MLN_USD,A,1972,67347.664,E
NLD,GDP,TOT,MLN_USD,A,1973,75147.279,E
NLD,GDP,TOT,MLN_USD,A,1974,85395.555,E
NLD,GDP,TOT,MLN_USD,A,1975,93420.207,E
NLD,GDP,TOT,MLN_USD,A,1976,103280.265,E
NLD,GDP,TOT,MLN_USD,A,1977,111805.029,E
NLD,GDP,TOT,MLN_USD,A,1978,122458.397,E
NLD,GDP,TOT,MLN_USD,A,1979,135299.708,E
NLD,GDP,TOT,MLN_USD,A,1980,152317.305,E
NLD,GDP,TOT,MLN_USD,A,1981,165423.327,E
NLD,GDP,TOT,MLN_USD,A,1982,173464.239,E
NLD,GDP,TOT,MLN_USD,A,1983,183989.711,E
NLD,GDP,TOT,MLN_USD,A,1984,196463.943,E
NLD,GDP,TOT,MLN_USD,A,1985,207906.443,E
NLD,GDP,TOT,MLN_USD,A,1986,218004.455,E
NLD,GDP,TOT,MLN_USD,A,1987,227708.906,E
NLD,GDP,TOT,MLN_USD,A,1988,243853.563,E
NLD,GDP,TOT,MLN_USD,A,1989,264614.964,E
NLD,GDP,TOT,MLN_USD,A,1990,286003.926,E
NLD,GDP,TOT,MLN_USD,A,1991,302887.525,E
NLD,GDP,TOT,MLN_USD,A,1992,315075.312,E
NLD,GDP,TOT,MLN_USD,A,1993,326596.651,E
NLD,GDP,TOT,MLN_USD,A,1994,343448.035,E
NLD,GDP,TOT,MLN_USD,A,1995,361575.727,
NLD,GDP,TOT,MLN_USD,A,1996,379802.241,
NLD,GDP,TOT,MLN_USD,A,1997,406001.498,
NLD,GDP,TOT,MLN_USD,A,1998,435212.842,
NLD,GDP,TOT,MLN_USD,A,1999,462796.455,
NLD,GDP,TOT,MLN_USD,A,2000,507779.885,
NLD,GDP,TOT,MLN_USD,A,2001,532645.325,
NLD,GDP,TOT,MLN_USD,A,2002,556285.465,
NLD,GDP,TOT,MLN_USD,A,2003,553516.941,
NLD,GDP,TOT,MLN_USD,A,2004,582563.82,
NLD,GDP,TOT,MLN_USD,A,2005,614044.12,
NLD,GDP,TOT,MLN_USD,A,2006,669518.848,
NLD,GDP,TOT,MLN_USD,A,2007,718924.413,
NLD,GDP,TOT,MLN_USD,A,2008,763407.575,
NLD,GDP,TOT,MLN_USD,A,2009,737085.619,
NLD,GDP,TOT,MLN_USD,A,2010,748993.689,
NLD,GDP,TOT,MLN_USD,A,2011,777880.907,
NLD,GDP,TOT,MLN_USD,A,2012,792041.828,
NLD,GDP,TOT,MLN_USD,A,2013,827475.788,
NLD,GDP,TOT,MLN_USD,A,2014,830318.43,
NLD,GDP,TOT,MLN_USD,A,2015,851884.697,
NLD,GDP,TOT,MLN_USD,A,2016,890488.555,
NLD,GDP,TOT,MLN_USD,A,2017,943739.619,
NLD,GDP,TOT,MLN_USD,A,2018,997729.784,
NLD,GDP,TOT,MLN_USD,A,2019,1035058.851,
NLD,GDP,TOT,MLN_USD,A,2020,1034856.448,P
NZL,GDP,TOT,MLN_USD,A,1970,11056.692,E
NZL,GDP,TOT,MLN_USD,A,1971,12319.564,
NZL,GDP,TOT,MLN_USD,A,1972,13729.266,
NZL,GDP,TOT,MLN_USD,A,1973,15083.325,
NZL,GDP,TOT,MLN_USD,A,1974,17203.204,
NZL,GDP,TOT,MLN_USD,A,1975,19408.195,
NZL,GDP,TOT,MLN_USD,A,1976,20369.938,
NZL,GDP,TOT,MLN_USD,A,1977,20218.99,
NZL,GDP,TOT,MLN_USD,A,1978,22656.76,
NZL,GDP,TOT,MLN_USD,A,1979,24033.768,
NZL,GDP,TOT,MLN_USD,A,1980,26535.021,
NZL,GDP,TOT,MLN_USD,A,1981,29783.549,
NZL,GDP,TOT,MLN_USD,A,1982,33214.093,
NZL,GDP,TOT,MLN_USD,A,1983,36138.794,
NZL,GDP,TOT,MLN_USD,A,1984,40034.179,
NZL,GDP,TOT,MLN_USD,A,1985,41335.549,
NZL,GDP,TOT,MLN_USD,A,1986,43451.73,
NZL,GDP,TOT,MLN_USD,A,1987,44259.538,
NZL,GDP,TOT,MLN_USD,A,1988,45948.52,
NZL,GDP,TOT,MLN_USD,A,1989,48153.231,
NZL,GDP,TOT,MLN_USD,A,1990,49504.4,
NZL,GDP,TOT,MLN_USD,A,1991,50917.276,
NZL,GDP,TOT,MLN_USD,A,1992,52664.59,
NZL,GDP,TOT,MLN_USD,A,1993,56937.969,
NZL,GDP,TOT,MLN_USD,A,1994,61699.297,
NZL,GDP,TOT,MLN_USD,A,1995,65786.092,
NZL,GDP,TOT,MLN_USD,A,1996,68906.83,
NZL,GDP,TOT,MLN_USD,A,1997,72362.397,
NZL,GDP,TOT,MLN_USD,A,1998,73785.519,
NZL,GDP,TOT,MLN_USD,A,1999,78923.926,
NZL,GDP,TOT,MLN_USD,A,2000,82996.391,
NZL,GDP,TOT,MLN_USD,A,2001,87298.681,
NZL,GDP,TOT,MLN_USD,A,2002,92024.858,
NZL,GDP,TOT,MLN_USD,A,2003,96497.421,
NZL,GDP,TOT,MLN_USD,A,2004,102514.645,
NZL,GDP,TOT,MLN_USD,A,2005,106147.849,
NZL,GDP,TOT,MLN_USD,A,2006,116100.638,
NZL,GDP,TOT,MLN_USD,A,2007,123992.448,
NZL,GDP,TOT,MLN_USD,A,2008,127057.687,
NZL,GDP,TOT,MLN_USD,A,2009,132091.564,
NZL,GDP,TOT,MLN_USD,A,2010,135912.366,
NZL,GDP,TOT,MLN_USD,A,2011,143362.869,
NZL,GDP,TOT,MLN_USD,A,2012,145417.047,
NZL,GDP,TOT,MLN_USD,A,2013,160992.629,
NZL,GDP,TOT,MLN_USD,A,2014,168435.427,
NZL,GDP,TOT,MLN_USD,A,2015,172758.809,
NZL,GDP,TOT,MLN_USD,A,2016,188355.645,
NZL,GDP,TOT,MLN_USD,A,2017,203544.585,
NZL,GDP,TOT,MLN_USD,A,2018,215287.748,
NZL,GDP,TOT,MLN_USD,A,2019,223650.279,
NZL,GDP,TOT,MLN_USD,A,2020,224989.374,E
NOR,GDP,TOT,MLN_USD,A,1970,13010.49,
NOR,GDP,TOT,MLN_USD,A,1971,14445.431,
NOR,GDP,TOT,MLN_USD,A,1972,15873.192,
NOR,GDP,TOT,MLN_USD,A,1973,17501.971,
NOR,GDP,TOT,MLN_USD,A,1974,19825.309,
NOR,GDP,TOT,MLN_USD,A,1975,22734.369,
NOR,GDP,TOT,MLN_USD,A,1976,25382.781,
NOR,GDP,TOT,MLN_USD,A,1977,28081.638,
NOR,GDP,TOT,MLN_USD,A,1978,31219.876,
NOR,GDP,TOT,MLN_USD,A,1979,35288.393,
NOR,GDP,TOT,MLN_USD,A,1980,40232.301,
NOR,GDP,TOT,MLN_USD,A,1981,44743.021,
NOR,GDP,TOT,MLN_USD,A,1982,47619.153,
NOR,GDP,TOT,MLN_USD,A,1983,51450.203,
NOR,GDP,TOT,MLN_USD,A,1984,56532.699,
NOR,GDP,TOT,MLN_USD,A,1985,61559.262,
NOR,GDP,TOT,MLN_USD,A,1986,65337.495,
NOR,GDP,TOT,MLN_USD,A,1987,68126.915,
NOR,GDP,TOT,MLN_USD,A,1988,70349.952,
NOR,GDP,TOT,MLN_USD,A,1989,73866.98,
NOR,GDP,TOT,MLN_USD,A,1990,78112.922,
NOR,GDP,TOT,MLN_USD,A,1991,83245.561,
NOR,GDP,TOT,MLN_USD,A,1992,88185.988,
NOR,GDP,TOT,MLN_USD,A,1993,92843.988,
NOR,GDP,TOT,MLN_USD,A,1994,99620.445,
NOR,GDP,TOT,MLN_USD,A,1995,105935.839,
NOR,GDP,TOT,MLN_USD,A,1996,117243.382,
NOR,GDP,TOT,MLN_USD,A,1997,125981.706,
NOR,GDP,TOT,MLN_USD,A,1998,124901.924,
NOR,GDP,TOT,MLN_USD,A,1999,136333.967,
NOR,GDP,TOT,MLN_USD,A,2000,165952.701,
NOR,GDP,TOT,MLN_USD,A,2001,170532.425,
NOR,GDP,TOT,MLN_USD,A,2002,172360.893,
NOR,GDP,TOT,MLN_USD,A,2003,175993.115,
NOR,GDP,TOT,MLN_USD,A,2004,195223.614,
NOR,GDP,TOT,MLN_USD,A,2005,220981.899,
NOR,GDP,TOT,MLN_USD,A,2006,252086.882,
NOR,GDP,TOT,MLN_USD,A,2007,263065.787,
NOR,GDP,TOT,MLN_USD,A,2008,294277.831,
NOR,GDP,TOT,MLN_USD,A,2009,267535.443,
NOR,GDP,TOT,MLN_USD,A,2010,283400.011,
NOR,GDP,TOT,MLN_USD,A,2011,307471.57,
NOR,GDP,TOT,MLN_USD,A,2012,327987.716,
NOR,GDP,TOT,MLN_USD,A,2013,340137.933,
NOR,GDP,TOT,MLN_USD,A,2014,338506.045,
NOR,GDP,TOT,MLN_USD,A,2015,313230.601,
NOR,GDP,TOT,MLN_USD,A,2016,308522.085,
NOR,GDP,TOT,MLN_USD,A,2017,337993.785,
NOR,GDP,TOT,MLN_USD,A,2018,370296.235,
NOR,GDP,TOT,MLN_USD,A,2019,365502.326,
NOR,GDP,TOT,MLN_USD,A,2020,340454.106,
POL,GDP,TOT,MLN_USD,A,1990,235410.575,E
POL,GDP,TOT,MLN_USD,A,1991,226297.65,E
POL,GDP,TOT,MLN_USD,A,1992,237275.803,E
POL,GDP,TOT,MLN_USD,A,1993,251977.802,E
POL,GDP,TOT,MLN_USD,A,1994,270979.951,E
POL,GDP,TOT,MLN_USD,A,1995,295895.086,
POL,GDP,TOT,MLN_USD,A,1996,318949.455,
POL,GDP,TOT,MLN_USD,A,1997,345277.245,
POL,GDP,TOT,MLN_USD,A,1998,366814.684,
POL,GDP,TOT,MLN_USD,A,1999,388183.91,
POL,GDP,TOT,MLN_USD,A,2000,408478.391,
POL,GDP,TOT,MLN_USD,A,2001,425491.684,
POL,GDP,TOT,MLN_USD,A,2002,451281.404,
POL,GDP,TOT,MLN_USD,A,2003,468991.594,
POL,GDP,TOT,MLN_USD,A,2004,509450.66,
POL,GDP,TOT,MLN_USD,A,2005,530377.339,
POL,GDP,TOT,MLN_USD,A,2006,577156.392,
POL,GDP,TOT,MLN_USD,A,2007,639756.006,
POL,GDP,TOT,MLN_USD,A,2008,697829.214,
POL,GDP,TOT,MLN_USD,A,2009,734574.626,
POL,GDP,TOT,MLN_USD,A,2010,802270.074,
POL,GDP,TOT,MLN_USD,A,2011,868896.689,
POL,GDP,TOT,MLN_USD,A,2012,903836.561,
POL,GDP,TOT,MLN_USD,A,2013,934552.984,
POL,GDP,TOT,MLN_USD,A,2014,968368.101,
POL,GDP,TOT,MLN_USD,A,2015,1020392.781,
POL,GDP,TOT,MLN_USD,A,2016,1075392.661,
POL,GDP,TOT,MLN_USD,A,2017,1141694.015,
POL,GDP,TOT,MLN_USD,A,2018,1214376.603,
POL,GDP,TOT,MLN_USD,A,2019,1299683.796,
POL,GDP,TOT,MLN_USD,A,2020,1304174.387,P
PRT,GDP,TOT,MLN_USD,A,1970,18252.643,E
PRT,GDP,TOT,MLN_USD,A,1971,20449.706,E
PRT,GDP,TOT,MLN_USD,A,1972,23043.75,E
PRT,GDP,TOT,MLN_USD,A,1973,27029.009,E
PRT,GDP,TOT,MLN_USD,A,1974,29797.965,E
PRT,GDP,TOT,MLN_USD,A,1975,31142.534,E
PRT,GDP,TOT,MLN_USD,A,1976,35123.603,E
PRT,GDP,TOT,MLN_USD,A,1977,39396.061,E
PRT,GDP,TOT,MLN_USD,A,1978,43354.522,E
PRT,GDP,TOT,MLN_USD,A,1979,49599.039,E
PRT,GDP,TOT,MLN_USD,A,1980,56561.219,E
PRT,GDP,TOT,MLN_USD,A,1981,62914.965,E
PRT,GDP,TOT,MLN_USD,A,1982,68228.464,E
PRT,GDP,TOT,MLN_USD,A,1983,70778.074,E
PRT,GDP,TOT,MLN_USD,A,1984,71952.93,E
PRT,GDP,TOT,MLN_USD,A,1985,76312.321,E
PRT,GDP,TOT,MLN_USD,A,1986,81072.871,E
PRT,GDP,TOT,MLN_USD,A,1987,88378.889,E
PRT,GDP,TOT,MLN_USD,A,1988,98348.662,E
PRT,GDP,TOT,MLN_USD,A,1989,108786.871,E
PRT,GDP,TOT,MLN_USD,A,1990,117317.653,E
PRT,GDP,TOT,MLN_USD,A,1991,126583.032,E
PRT,GDP,TOT,MLN_USD,A,1992,130878.263,E
PRT,GDP,TOT,MLN_USD,A,1993,131241.573,E
PRT,GDP,TOT,MLN_USD,A,1994,135337.384,E
PRT,GDP,TOT,MLN_USD,A,1995,144092.92,
PRT,GDP,TOT,MLN_USD,A,1996,149801.613,
PRT,GDP,TOT,MLN_USD,A,1997,159552.032,
PRT,GDP,TOT,MLN_USD,A,1998,169536.921,
PRT,GDP,TOT,MLN_USD,A,1999,181041.019,
PRT,GDP,TOT,MLN_USD,A,2000,194323.464,
PRT,GDP,TOT,MLN_USD,A,2001,202418.632,
PRT,GDP,TOT,MLN_USD,A,2002,212108.896,
PRT,GDP,TOT,MLN_USD,A,2003,217853.063,
PRT,GDP,TOT,MLN_USD,A,2004,224984.02,
PRT,GDP,TOT,MLN_USD,A,2005,238691.186,
PRT,GDP,TOT,MLN_USD,A,2006,259371.294,
PRT,GDP,TOT,MLN_USD,A,2007,270973.95,
PRT,GDP,TOT,MLN_USD,A,2008,281542.549,
PRT,GDP,TOT,MLN_USD,A,2009,279829.997,
PRT,GDP,TOT,MLN_USD,A,2010,288463.417,
PRT,GDP,TOT,MLN_USD,A,2011,282620.91,
PRT,GDP,TOT,MLN_USD,A,2012,277991.759,
PRT,GDP,TOT,MLN_USD,A,2013,292135.199,
PRT,GDP,TOT,MLN_USD,A,2014,298951.673,
PRT,GDP,TOT,MLN_USD,A,2015,307230.008,
PRT,GDP,TOT,MLN_USD,A,2016,326364.379,
PRT,GDP,TOT,MLN_USD,A,2017,340370.325,
PRT,GDP,TOT,MLN_USD,A,2018,359232.261,
PRT,GDP,TOT,MLN_USD,A,2019,379273.761,P
PRT,GDP,TOT,MLN_USD,A,2020,355455.434,E
SVK,GDP,TOT,MLN_USD,A,1992,38047.186,E
SVK,GDP,TOT,MLN_USD,A,1993,39689.171,E
SVK,GDP,TOT,MLN_USD,A,1994,43052.201,E
SVK,GDP,TOT,MLN_USD,A,1995,46523.438,
SVK,GDP,TOT,MLN_USD,A,1996,50425.483,
SVK,GDP,TOT,MLN_USD,A,1997,54277.662,
SVK,GDP,TOT,MLN_USD,A,1998,57261.217,
SVK,GDP,TOT,MLN_USD,A,1999,57813.884,
SVK,GDP,TOT,MLN_USD,A,2000,61331.765,
SVK,GDP,TOT,MLN_USD,A,2001,66651.349,
SVK,GDP,TOT,MLN_USD,A,2002,71578.565,
SVK,GDP,TOT,MLN_USD,A,2003,76121.872,
SVK,GDP,TOT,MLN_USD,A,2004,81732.325,
SVK,GDP,TOT,MLN_USD,A,2005,89400.317,
SVK,GDP,TOT,MLN_USD,A,2006,101490.226,
SVK,GDP,TOT,MLN_USD,A,2007,113923.832,
SVK,GDP,TOT,MLN_USD,A,2008,127626.827,
SVK,GDP,TOT,MLN_USD,A,2009,124412.901,
SVK,GDP,TOT,MLN_USD,A,2010,135914.51,
SVK,GDP,TOT,MLN_USD,A,2011,140804.819,
SVK,GDP,TOT,MLN_USD,A,2012,145826.897,
SVK,GDP,TOT,MLN_USD,A,2013,151588.593,
SVK,GDP,TOT,MLN_USD,A,2014,157123.984,
SVK,GDP,TOT,MLN_USD,A,2015,162278.154,
SVK,GDP,TOT,MLN_USD,A,2016,161074.014,
SVK,GDP,TOT,MLN_USD,A,2017,163600.251,
SVK,GDP,TOT,MLN_USD,A,2018,171600.747,
SVK,GDP,TOT,MLN_USD,A,2019,177571.553,
SVK,GDP,TOT,MLN_USD,A,2020,173767.39,
ESP,GDP,TOT,MLN_USD,A,1970,94752.712,E
ESP,GDP,TOT,MLN_USD,A,1971,104184.703,E
ESP,GDP,TOT,MLN_USD,A,1972,117546.194,E
ESP,GDP,TOT,MLN_USD,A,1973,133644.3,E
ESP,GDP,TOT,MLN_USD,A,1974,153855.465,E
ESP,GDP,TOT,MLN_USD,A,1975,169017.979,E
ESP,GDP,TOT,MLN_USD,A,1976,184211.01,E
ESP,GDP,TOT,MLN_USD,A,1977,201210.567,E
ESP,GDP,TOT,MLN_USD,A,1978,218514.156,E
ESP,GDP,TOT,MLN_USD,A,1979,236741.698,E
ESP,GDP,TOT,MLN_USD,A,1980,263827.978,E
ESP,GDP,TOT,MLN_USD,A,1981,288409.305,E
ESP,GDP,TOT,MLN_USD,A,1982,310044.88,E
ESP,GDP,TOT,MLN_USD,A,1983,327891.743,E
ESP,GDP,TOT,MLN_USD,A,1984,345784.114,E
ESP,GDP,TOT,MLN_USD,A,1985,365000.365,E
ESP,GDP,TOT,MLN_USD,A,1986,384464.872,E
ESP,GDP,TOT,MLN_USD,A,1987,415824.779,E
ESP,GDP,TOT,MLN_USD,A,1988,452423.433,E
ESP,GDP,TOT,MLN_USD,A,1989,492854.724,E
ESP,GDP,TOT,MLN_USD,A,1990,530638.339,E
ESP,GDP,TOT,MLN_USD,A,1991,562550.16,E
ESP,GDP,TOT,MLN_USD,A,1992,580716.596,E
ESP,GDP,TOT,MLN_USD,A,1993,588343.436,E
ESP,GDP,TOT,MLN_USD,A,1994,615227.576,E
ESP,GDP,TOT,MLN_USD,A,1995,645448.443,
ESP,GDP,TOT,MLN_USD,A,1996,675655.944,
ESP,GDP,TOT,MLN_USD,A,1997,717288.304,
ESP,GDP,TOT,MLN_USD,A,1998,768101.86,
ESP,GDP,TOT,MLN_USD,A,1999,805891.27,
ESP,GDP,TOT,MLN_USD,A,2000,876008.108,
ESP,GDP,TOT,MLN_USD,A,2001,937888.674,
ESP,GDP,TOT,MLN_USD,A,2002,1009753.34,
ESP,GDP,TOT,MLN_USD,A,2003,1055547.963,
ESP,GDP,TOT,MLN_USD,A,2004,1121204.316,
ESP,GDP,TOT,MLN_USD,A,2005,1205129.038,
ESP,GDP,TOT,MLN_USD,A,2006,1362071.029,
ESP,GDP,TOT,MLN_USD,A,2007,1466711.066,
ESP,GDP,TOT,MLN_USD,A,2008,1528583.756,
ESP,GDP,TOT,MLN_USD,A,2009,1488992.726,
ESP,GDP,TOT,MLN_USD,A,2010,1476808.758,
ESP,GDP,TOT,MLN_USD,A,2011,1489594.952,
ESP,GDP,TOT,MLN_USD,A,2012,1483646.902,
ESP,GDP,TOT,MLN_USD,A,2013,1512074.431,
ESP,GDP,TOT,MLN_USD,A,2014,1558306.999,
ESP,GDP,TOT,MLN_USD,A,2015,1621069.826,
ESP,GDP,TOT,MLN_USD,A,2016,1733213.64,
ESP,GDP,TOT,MLN_USD,A,2017,1841779.72,
ESP,GDP,TOT,MLN_USD,A,2018,1905614.461,P
ESP,GDP,TOT,MLN_USD,A,2019,1988354.742,P
ESP,GDP,TOT,MLN_USD,A,2020,1815204.446,P
SWE,GDP,TOT,MLN_USD,A,1960,18451.39,E
SWE,GDP,TOT,MLN_USD,A,1961,19688.876,E
SWE,GDP,TOT,MLN_USD,A,1962,20997.815,E
SWE,GDP,TOT,MLN_USD,A,1963,22440.234,E
SWE,GDP,TOT,MLN_USD,A,1964,24401.202,E
SWE,GDP,TOT,MLN_USD,A,1965,26041.148,E
SWE,GDP,TOT,MLN_USD,A,1966,27512.88,E
SWE,GDP,TOT,MLN_USD,A,1967,29255.928,E
SWE,GDP,TOT,MLN_USD,A,1968,31794.557,E
SWE,GDP,TOT,MLN_USD,A,1969,35114.337,E
SWE,GDP,TOT,MLN_USD,A,1970,39360.51,E
SWE,GDP,TOT,MLN_USD,A,1971,41746.42,E
SWE,GDP,TOT,MLN_USD,A,1972,44547.788,E
SWE,GDP,TOT,MLN_USD,A,1973,48853.469,E
SWE,GDP,TOT,MLN_USD,A,1974,54952.665,E
SWE,GDP,TOT,MLN_USD,A,1975,61575.534,E
SWE,GDP,TOT,MLN_USD,A,1976,65651.664,E
SWE,GDP,TOT,MLN_USD,A,1977,68617.751,E
SWE,GDP,TOT,MLN_USD,A,1978,74730.62,E
SWE,GDP,TOT,MLN_USD,A,1979,84038.459,E
SWE,GDP,TOT,MLN_USD,A,1980,93187.363,E
SWE,GDP,TOT,MLN_USD,A,1981,102468.869,E
SWE,GDP,TOT,MLN_USD,A,1982,110158.165,E
SWE,GDP,TOT,MLN_USD,A,1983,116648.523,E
SWE,GDP,TOT,MLN_USD,A,1984,125968.558,E
SWE,GDP,TOT,MLN_USD,A,1985,132759.698,E
SWE,GDP,TOT,MLN_USD,A,1986,139078.289,E
SWE,GDP,TOT,MLN_USD,A,1987,147296.786,E
SWE,GDP,TOT,MLN_USD,A,1988,156394.93,E
SWE,GDP,TOT,MLN_USD,A,1989,166840.899,E
SWE,GDP,TOT,MLN_USD,A,1990,174392.55,E
SWE,GDP,TOT,MLN_USD,A,1991,178224,E
SWE,GDP,TOT,MLN_USD,A,1992,180173.615,E
SWE,GDP,TOT,MLN_USD,A,1993,180632.562,
SWE,GDP,TOT,MLN_USD,A,1994,191740.146,
SWE,GDP,TOT,MLN_USD,A,1995,203464.169,
SWE,GDP,TOT,MLN_USD,A,1996,211081.101,
SWE,GDP,TOT,MLN_USD,A,1997,219357.41,
SWE,GDP,TOT,MLN_USD,A,1998,229123.304,
SWE,GDP,TOT,MLN_USD,A,1999,243339.592,
SWE,GDP,TOT,MLN_USD,A,2000,262890.9,
SWE,GDP,TOT,MLN_USD,A,2001,266349.889,
SWE,GDP,TOT,MLN_USD,A,2002,276017.772,
SWE,GDP,TOT,MLN_USD,A,2003,284711.106,
SWE,GDP,TOT,MLN_USD,A,2004,304256.148,
SWE,GDP,TOT,MLN_USD,A,2005,309212.867,
SWE,GDP,TOT,MLN_USD,A,2006,342150.661,
SWE,GDP,TOT,MLN_USD,A,2007,373749.881,
SWE,GDP,TOT,MLN_USD,A,2008,388684.19,
SWE,GDP,TOT,MLN_USD,A,2009,374814.888,
SWE,GDP,TOT,MLN_USD,A,2010,396283.62,
SWE,GDP,TOT,MLN_USD,A,2011,421515.998,
SWE,GDP,TOT,MLN_USD,A,2012,432488.303,
SWE,GDP,TOT,MLN_USD,A,2013,444616.544,
SWE,GDP,TOT,MLN_USD,A,2014,457507.758,
SWE,GDP,TOT,MLN_USD,A,2015,481170.723,
SWE,GDP,TOT,MLN_USD,A,2016,500423.665,
SWE,GDP,TOT,MLN_USD,A,2017,522476.825,
SWE,GDP,TOT,MLN_USD,A,2018,544916.384,
SWE,GDP,TOT,MLN_USD,A,2019,568811.735,
SWE,GDP,TOT,MLN_USD,A,2020,567863.794,
CHE,GDP,TOT,MLN_USD,A,1970,47492.922,E
CHE,GDP,TOT,MLN_USD,A,1971,51934.076,E
CHE,GDP,TOT,MLN_USD,A,1972,55913.069,E
CHE,GDP,TOT,MLN_USD,A,1973,60775.785,E
CHE,GDP,TOT,MLN_USD,A,1974,67208.608,E
CHE,GDP,TOT,MLN_USD,A,1975,68085.57,E
CHE,GDP,TOT,MLN_USD,A,1976,70824.285,E
CHE,GDP,TOT,MLN_USD,A,1977,77055.563,E
CHE,GDP,TOT,MLN_USD,A,1978,82812.918,E
CHE,GDP,TOT,MLN_USD,A,1979,91918.047,E
CHE,GDP,TOT,MLN_USD,A,1980,104833.186,
CHE,GDP,TOT,MLN_USD,A,1981,116590.268,
CHE,GDP,TOT,MLN_USD,A,1982,122172.5,
CHE,GDP,TOT,MLN_USD,A,1983,127769.078,
CHE,GDP,TOT,MLN_USD,A,1984,136361.18,
CHE,GDP,TOT,MLN_USD,A,1985,145841.305,
CHE,GDP,TOT,MLN_USD,A,1986,151543.64,
CHE,GDP,TOT,MLN_USD,A,1987,157752.645,
CHE,GDP,TOT,MLN_USD,A,1988,168670.151,
CHE,GDP,TOT,MLN_USD,A,1989,182873.719,
CHE,GDP,TOT,MLN_USD,A,1990,190833.753,
CHE,GDP,TOT,MLN_USD,A,1991,195480.491,
CHE,GDP,TOT,MLN_USD,A,1992,199847.877,
CHE,GDP,TOT,MLN_USD,A,1993,204325.094,
CHE,GDP,TOT,MLN_USD,A,1994,211338.041,
CHE,GDP,TOT,MLN_USD,A,1995,216807.006,
CHE,GDP,TOT,MLN_USD,A,1996,222517.356,
CHE,GDP,TOT,MLN_USD,A,1997,232230.013,
CHE,GDP,TOT,MLN_USD,A,1998,241055.704,
CHE,GDP,TOT,MLN_USD,A,1999,248739.984,
CHE,GDP,TOT,MLN_USD,A,2000,264299.171,
CHE,GDP,TOT,MLN_USD,A,2001,274106.119,
CHE,GDP,TOT,MLN_USD,A,2002,282753.058,
CHE,GDP,TOT,MLN_USD,A,2003,284759.572,
CHE,GDP,TOT,MLN_USD,A,2004,297823.895,
CHE,GDP,TOT,MLN_USD,A,2005,310493.747,
CHE,GDP,TOT,MLN_USD,A,2006,347559.421,
CHE,GDP,TOT,MLN_USD,A,2007,386208.981,
CHE,GDP,TOT,MLN_USD,A,2008,413714.827,
CHE,GDP,TOT,MLN_USD,A,2009,413468.607,
CHE,GDP,TOT,MLN_USD,A,2010,429590.099,
CHE,GDP,TOT,MLN_USD,A,2011,458820.075,
CHE,GDP,TOT,MLN_USD,A,2012,479280.805,
CHE,GDP,TOT,MLN_USD,A,2013,503360.433,
CHE,GDP,TOT,MLN_USD,A,2014,524917.015,
CHE,GDP,TOT,MLN_USD,A,2015,546805.519,
CHE,GDP,TOT,MLN_USD,A,2016,570267.342,
CHE,GDP,TOT,MLN_USD,A,2017,584052.298,
CHE,GDP,TOT,MLN_USD,A,2018,610525.001,
CHE,GDP,TOT,MLN_USD,A,2019,626977.254,
CHE,GDP,TOT,MLN_USD,A,2020,616263.017,
TUR,GDP,TOT,MLN_USD,A,1970,62507.507,E
TUR,GDP,TOT,MLN_USD,A,1971,69699.628,E
TUR,GDP,TOT,MLN_USD,A,1972,77952.83,E
TUR,GDP,TOT,MLN_USD,A,1973,85099.674,E
TUR,GDP,TOT,MLN_USD,A,1974,97728.264,E
TUR,GDP,TOT,MLN_USD,A,1975,114629.313,E
TUR,GDP,TOT,MLN_USD,A,1976,133250.214,E
TUR,GDP,TOT,MLN_USD,A,1977,146586.557,E
TUR,GDP,TOT,MLN_USD,A,1978,159449.02,E
TUR,GDP,TOT,MLN_USD,A,1979,171507.276,E
TUR,GDP,TOT,MLN_USD,A,1980,181974.422,E
TUR,GDP,TOT,MLN_USD,A,1981,208912.849,E
TUR,GDP,TOT,MLN_USD,A,1982,229788.585,E
TUR,GDP,TOT,MLN_USD,A,1983,250743.498,E
TUR,GDP,TOT,MLN_USD,A,1984,277295.985,E
TUR,GDP,TOT,MLN_USD,A,1985,298192.915,E
TUR,GDP,TOT,MLN_USD,A,1986,325520.109,E
TUR,GDP,TOT,MLN_USD,A,1987,365211.684,E
TUR,GDP,TOT,MLN_USD,A,1988,386102.488,E
TUR,GDP,TOT,MLN_USD,A,1989,402256.472,E
TUR,GDP,TOT,MLN_USD,A,1990,455936.304,E
TUR,GDP,TOT,MLN_USD,A,1991,475722.665,E
TUR,GDP,TOT,MLN_USD,A,1992,515680.562,E
TUR,GDP,TOT,MLN_USD,A,1993,570352.254,E
TUR,GDP,TOT,MLN_USD,A,1994,550750.035,E
TUR,GDP,TOT,MLN_USD,A,1995,602734.682,E
TUR,GDP,TOT,MLN_USD,A,1996,655568.734,E
TUR,GDP,TOT,MLN_USD,A,1997,717237.054,E
TUR,GDP,TOT,MLN_USD,A,1998,558241.918,
TUR,GDP,TOT,MLN_USD,A,1999,546532.203,
TUR,GDP,TOT,MLN_USD,A,2000,609198.924,
TUR,GDP,TOT,MLN_USD,A,2001,595977.457,
TUR,GDP,TOT,MLN_USD,A,2002,612446.634,
TUR,GDP,TOT,MLN_USD,A,2003,640401.152,
TUR,GDP,TOT,MLN_USD,A,2004,735155.229,
TUR,GDP,TOT,MLN_USD,A,2005,815102.371,
TUR,GDP,TOT,MLN_USD,A,2006,944033.702,
TUR,GDP,TOT,MLN_USD,A,2007,1041497.943,
TUR,GDP,TOT,MLN_USD,A,2008,1139548.435,
TUR,GDP,TOT,MLN_USD,A,2009,1113289.469,
TUR,GDP,TOT,MLN_USD,A,2010,1269742.72,
TUR,GDP,TOT,MLN_USD,A,2011,1454111.872,
TUR,GDP,TOT,MLN_USD,A,2012,1550688.484,
TUR,GDP,TOT,MLN_USD,A,2013,1703669.602,
TUR,GDP,TOT,MLN_USD,A,2014,1860470.92,
TUR,GDP,TOT,MLN_USD,A,2015,2022397.778,
TUR,GDP,TOT,MLN_USD,A,2016,2116398.303,
TUR,GDP,TOT,MLN_USD,A,2017,2264269.34,
TUR,GDP,TOT,MLN_USD,A,2018,2300825.727,
TUR,GDP,TOT,MLN_USD,A,2019,2279166.318,
TUR,GDP,TOT,MLN_USD,A,2020,2371568.129,P
GBR,GDP,TOT,MLN_USD,A,1960,114500.834,
GBR,GDP,TOT,MLN_USD,A,1961,118722.123,
GBR,GDP,TOT,MLN_USD,A,1962,122368.019,
GBR,GDP,TOT,MLN_USD,A,1963,129722.616,
GBR,GDP,TOT,MLN_USD,A,1964,138405.51,
GBR,GDP,TOT,MLN_USD,A,1965,146426.639,
GBR,GDP,TOT,MLN_USD,A,1966,154889.273,
GBR,GDP,TOT,MLN_USD,A,1967,163586.747,
GBR,GDP,TOT,MLN_USD,A,1968,180450.377,
GBR,GDP,TOT,MLN_USD,A,1969,194511.307,
GBR,GDP,TOT,MLN_USD,A,1970,201127.914,
GBR,GDP,TOT,MLN_USD,A,1971,218729.687,
GBR,GDP,TOT,MLN_USD,A,1972,238046.267,
GBR,GDP,TOT,MLN_USD,A,1973,267471.689,
GBR,GDP,TOT,MLN_USD,A,1974,284297.59,
GBR,GDP,TOT,MLN_USD,A,1975,306053.407,
GBR,GDP,TOT,MLN_USD,A,1976,332293.854,
GBR,GDP,TOT,MLN_USD,A,1977,361614.849,
GBR,GDP,TOT,MLN_USD,A,1978,403322.856,
GBR,GDP,TOT,MLN_USD,A,1979,453160.053,
GBR,GDP,TOT,MLN_USD,A,1980,484057.29,
GBR,GDP,TOT,MLN_USD,A,1981,525685.72,
GBR,GDP,TOT,MLN_USD,A,1982,569298.517,
GBR,GDP,TOT,MLN_USD,A,1983,616573.003,
GBR,GDP,TOT,MLN_USD,A,1984,653312.635,
GBR,GDP,TOT,MLN_USD,A,1985,701925.771,
GBR,GDP,TOT,MLN_USD,A,1986,738620.211,
GBR,GDP,TOT,MLN_USD,A,1987,797699.242,
GBR,GDP,TOT,MLN_USD,A,1988,873178.007,
GBR,GDP,TOT,MLN_USD,A,1989,930798.947,
GBR,GDP,TOT,MLN_USD,A,1990,972727.331,
GBR,GDP,TOT,MLN_USD,A,1991,994529.34,
GBR,GDP,TOT,MLN_USD,A,1992,1021273.532,
GBR,GDP,TOT,MLN_USD,A,1993,1071500.82,
GBR,GDP,TOT,MLN_USD,A,1994,1136471.417,
GBR,GDP,TOT,MLN_USD,A,1995,1189676.31,
GBR,GDP,TOT,MLN_USD,A,1996,1269581.66,
GBR,GDP,TOT,MLN_USD,A,1997,1342536.323,
GBR,GDP,TOT,MLN_USD,A,1998,1383638.572,
GBR,GDP,TOT,MLN_USD,A,1999,1432522.708,
GBR,GDP,TOT,MLN_USD,A,2000,1556000.788,
GBR,GDP,TOT,MLN_USD,A,2001,1639407.408,
GBR,GDP,TOT,MLN_USD,A,2002,1721570.283,
GBR,GDP,TOT,MLN_USD,A,2003,1803323.803,
GBR,GDP,TOT,MLN_USD,A,2004,1913771.614,
GBR,GDP,TOT,MLN_USD,A,2005,1968627.14,
GBR,GDP,TOT,MLN_USD,A,2006,2108799.349,
GBR,GDP,TOT,MLN_USD,A,2007,2177276.634,
GBR,GDP,TOT,MLN_USD,A,2008,2264898.174,
GBR,GDP,TOT,MLN_USD,A,2009,2182383.458,
GBR,GDP,TOT,MLN_USD,A,2010,2288742.51,
GBR,GDP,TOT,MLN_USD,A,2011,2351301.204,
GBR,GDP,TOT,MLN_USD,A,2012,2439691.339,
GBR,GDP,TOT,MLN_USD,A,2013,2560720.871,
GBR,GDP,TOT,MLN_USD,A,2014,2667371.06,
GBR,GDP,TOT,MLN_USD,A,2015,2771840.354,
GBR,GDP,TOT,MLN_USD,A,2016,2896753.121,
GBR,GDP,TOT,MLN_USD,A,2017,3021843.667,
GBR,GDP,TOT,MLN_USD,A,2018,3133332.404,
GBR,GDP,TOT,MLN_USD,A,2019,3242466.168,
GBR,GDP,TOT,MLN_USD,A,2020,3019055.912,
USA,GDP,TOT,MLN_USD,A,1970,1073303,
USA,GDP,TOT,MLN_USD,A,1971,1164850,
USA,GDP,TOT,MLN_USD,A,1972,1279110,
USA,GDP,TOT,MLN_USD,A,1973,1425376,
USA,GDP,TOT,MLN_USD,A,1974,1545243,
USA,GDP,TOT,MLN_USD,A,1975,1684904,
USA,GDP,TOT,MLN_USD,A,1976,1873412,
USA,GDP,TOT,MLN_USD,A,1977,2081826,
USA,GDP,TOT,MLN_USD,A,1978,2351599,
USA,GDP,TOT,MLN_USD,A,1979,2627334,
USA,GDP,TOT,MLN_USD,A,1980,2857307,
USA,GDP,TOT,MLN_USD,A,1981,3207042,
USA,GDP,TOT,MLN_USD,A,1982,3343789,
USA,GDP,TOT,MLN_USD,A,1983,3634038,
USA,GDP,TOT,MLN_USD,A,1984,4037613,
USA,GDP,TOT,MLN_USD,A,1985,4338979,
USA,GDP,TOT,MLN_USD,A,1986,4579631,
USA,GDP,TOT,MLN_USD,A,1987,4855215,
USA,GDP,TOT,MLN_USD,A,1988,5236438,
USA,GDP,TOT,MLN_USD,A,1989,5641580,
USA,GDP,TOT,MLN_USD,A,1990,5963144,
USA,GDP,TOT,MLN_USD,A,1991,6158129,
USA,GDP,TOT,MLN_USD,A,1992,6520327,
USA,GDP,TOT,MLN_USD,A,1993,6858559,
USA,GDP,TOT,MLN_USD,A,1994,7287236,
USA,GDP,TOT,MLN_USD,A,1995,7639749,
USA,GDP,TOT,MLN_USD,A,1996,8073122,
USA,GDP,TOT,MLN_USD,A,1997,8577552,
USA,GDP,TOT,MLN_USD,A,1998,9062817,
USA,GDP,TOT,MLN_USD,A,1999,9630663,
USA,GDP,TOT,MLN_USD,A,2000,10252347,
USA,GDP,TOT,MLN_USD,A,2001,10581822,
USA,GDP,TOT,MLN_USD,A,2002,10936418,
USA,GDP,TOT,MLN_USD,A,2003,11458246,
USA,GDP,TOT,MLN_USD,A,2004,12213730,
USA,GDP,TOT,MLN_USD,A,2005,13036637,
USA,GDP,TOT,MLN_USD,A,2006,13814609,
USA,GDP,TOT,MLN_USD,A,2007,14451860,
USA,GDP,TOT,MLN_USD,A,2008,14712845,
USA,GDP,TOT,MLN_USD,A,2009,14448932,
USA,GDP,TOT,MLN_USD,A,2010,14992052,
USA,GDP,TOT,MLN_USD,A,2011,15542582,
USA,GDP,TOT,MLN_USD,A,2012,16197007,
USA,GDP,TOT,MLN_USD,A,2013,16784851,
USA,GDP,TOT,MLN_USD,A,2014,17527258,
USA,GDP,TOT,MLN_USD,A,2015,18238301,
USA,GDP,TOT,MLN_USD,A,2016,18745075,
USA,GDP,TOT,MLN_USD,A,2017,19542980,
USA,GDP,TOT,MLN_USD,A,2018,20611861,
USA,GDP,TOT,MLN_USD,A,2019,21433226,
USA,GDP,TOT,MLN_USD,A,2020,20936600,E
CHL,GDP,TOT,MLN_USD,A,1986,41610.215,E
CHL,GDP,TOT,MLN_USD,A,1987,45450.761,E
CHL,GDP,TOT,MLN_USD,A,1988,50494.26,E
CHL,GDP,TOT,MLN_USD,A,1989,58015.163,E
CHL,GDP,TOT,MLN_USD,A,1990,62412.32,E
CHL,GDP,TOT,MLN_USD,A,1991,69665.367,E
CHL,GDP,TOT,MLN_USD,A,1992,80001.434,E
CHL,GDP,TOT,MLN_USD,A,1993,87618.426,E
CHL,GDP,TOT,MLN_USD,A,1994,94597.572,E
CHL,GDP,TOT,MLN_USD,A,1995,106845.359,E
CHL,GDP,TOT,MLN_USD,A,1996,116867.752,
CHL,GDP,TOT,MLN_USD,A,1997,127713.472,
CHL,GDP,TOT,MLN_USD,A,1998,134736.167,
CHL,GDP,TOT,MLN_USD,A,1999,136118.236,
CHL,GDP,TOT,MLN_USD,A,2000,146574.192,
CHL,GDP,TOT,MLN_USD,A,2001,154736.78,
CHL,GDP,TOT,MLN_USD,A,2002,162067.995,
CHL,GDP,TOT,MLN_USD,A,2003,171831.21,
CHL,GDP,TOT,MLN_USD,A,2004,189179.005,
CHL,GDP,TOT,MLN_USD,A,2005,206274.403,
CHL,GDP,TOT,MLN_USD,A,2006,257648.251,
CHL,GDP,TOT,MLN_USD,A,2007,280051.852,
CHL,GDP,TOT,MLN_USD,A,2008,275716.447,
CHL,GDP,TOT,MLN_USD,A,2009,272874.1,
CHL,GDP,TOT,MLN_USD,A,2010,309886.434,
CHL,GDP,TOT,MLN_USD,A,2011,350575.242,
CHL,GDP,TOT,MLN_USD,A,2012,374241.572,
CHL,GDP,TOT,MLN_USD,A,2013,394291.936,
CHL,GDP,TOT,MLN_USD,A,2014,404667.282,
CHL,GDP,TOT,MLN_USD,A,2015,407878.248,
CHL,GDP,TOT,MLN_USD,A,2016,426776.809,
CHL,GDP,TOT,MLN_USD,A,2017,451984.54,
CHL,GDP,TOT,MLN_USD,A,2018,463368.859,
CHL,GDP,TOT,MLN_USD,A,2019,492274.022,
CHL,GDP,TOT,MLN_USD,A,2020,479199.231,
CHN,GDP,TOT,MLN_USD,A,1970,85438.304,
CHN,GDP,TOT,MLN_USD,A,1971,96121.086,
CHN,GDP,TOT,MLN_USD,A,1972,104113.203,
CHN,GDP,TOT,MLN_USD,A,1973,118354.979,
CHN,GDP,TOT,MLN_USD,A,1974,132018.289,
CHN,GDP,TOT,MLN_USD,A,1975,156802.363,
CHN,GDP,TOT,MLN_USD,A,1976,162850.677,
CHN,GDP,TOT,MLN_USD,A,1977,186073.132,
CHN,GDP,TOT,MLN_USD,A,1978,222390.403,
CHN,GDP,TOT,MLN_USD,A,1979,259127.527,
CHN,GDP,TOT,MLN_USD,A,1980,304664.757,
CHN,GDP,TOT,MLN_USD,A,1981,350540.055,
CHN,GDP,TOT,MLN_USD,A,1982,405764.455,
CHN,GDP,TOT,MLN_USD,A,1983,467064.854,
CHN,GDP,TOT,MLN_USD,A,1984,557434.947,
CHN,GDP,TOT,MLN_USD,A,1985,652298.419,
CHN,GDP,TOT,MLN_USD,A,1986,724984.616,
CHN,GDP,TOT,MLN_USD,A,1987,829519.043,
CHN,GDP,TOT,MLN_USD,A,1988,955150.422,
CHN,GDP,TOT,MLN_USD,A,1989,1034355.175,
CHN,GDP,TOT,MLN_USD,A,1990,1115322.092,
CHN,GDP,TOT,MLN_USD,A,1991,1259839.438,
CHN,GDP,TOT,MLN_USD,A,1992,1471840.436,
CHN,GDP,TOT,MLN_USD,A,1993,1715900.83,
CHN,GDP,TOT,MLN_USD,A,1994,1981021.007,
CHN,GDP,TOT,MLN_USD,A,1995,2244107.964,
CHN,GDP,TOT,MLN_USD,A,1996,2511946.979,
CHN,GDP,TOT,MLN_USD,A,1997,2791286.356,
CHN,GDP,TOT,MLN_USD,A,1998,3044172.204,
CHN,GDP,TOT,MLN_USD,A,1999,3324726.539,
CHN,GDP,TOT,MLN_USD,A,2000,3687630.036,
CHN,GDP,TOT,MLN_USD,A,2001,4082649.601,
CHN,GDP,TOT,MLN_USD,A,2002,4526019.906,
CHN,GDP,TOT,MLN_USD,A,2003,5072832.62,
CHN,GDP,TOT,MLN_USD,A,2004,5736266.277,
CHN,GDP,TOT,MLN_USD,A,2005,6588930.108,
CHN,GDP,TOT,MLN_USD,A,2006,7651865.385,
CHN,GDP,TOT,MLN_USD,A,2007,8975591.932,
CHN,GDP,TOT,MLN_USD,A,2008,10033233.9,
CHN,GDP,TOT,MLN_USD,A,2009,11059906.36,
CHN,GDP,TOT,MLN_USD,A,2010,12378809.29,
CHN,GDP,TOT,MLN_USD,A,2011,13844365.75,
CHN,GDP,TOT,MLN_USD,A,2012,15124539.5,
CHN,GDP,TOT,MLN_USD,A,2013,16185062.52,
CHN,GDP,TOT,MLN_USD,A,2014,17121277.1,
CHN,GDP,TOT,MLN_USD,A,2015,17796747.04,
CHN,GDP,TOT,MLN_USD,A,2016,18712097.15,
CHN,GDP,TOT,MLN_USD,A,2017,19887035.11,
CHN,GDP,TOT,MLN_USD,A,2018,21739076.02,
CHN,GDP,TOT,MLN_USD,A,2019,23547025.99,
COL,GDP,TOT,MLN_USD,A,1975,33205.665,E
COL,GDP,TOT,MLN_USD,A,1976,36659.912,E
COL,GDP,TOT,MLN_USD,A,1977,40569.6,E
COL,GDP,TOT,MLN_USD,A,1978,47117.338,E
COL,GDP,TOT,MLN_USD,A,1979,53797.652,E
COL,GDP,TOT,MLN_USD,A,1980,61095.046,E
COL,GDP,TOT,MLN_USD,A,1981,68528.285,E
COL,GDP,TOT,MLN_USD,A,1982,73582.395,E
COL,GDP,TOT,MLN_USD,A,1983,77772.817,E
COL,GDP,TOT,MLN_USD,A,1984,83008.015,E
COL,GDP,TOT,MLN_USD,A,1985,88220.892,E
COL,GDP,TOT,MLN_USD,A,1986,95189.785,E
COL,GDP,TOT,MLN_USD,A,1987,103009.869,E
COL,GDP,TOT,MLN_USD,A,1988,111458.759,E
COL,GDP,TOT,MLN_USD,A,1989,119941.139,E
COL,GDP,TOT,MLN_USD,A,1990,165700.635,E
COL,GDP,TOT,MLN_USD,A,1991,176082.271,E
COL,GDP,TOT,MLN_USD,A,1992,187881.644,E
COL,GDP,TOT,MLN_USD,A,1993,203347.607,E
COL,GDP,TOT,MLN_USD,A,1994,219336.691,E
COL,GDP,TOT,MLN_USD,A,1995,235861.379,E
COL,GDP,TOT,MLN_USD,A,1996,243994.265,E
COL,GDP,TOT,MLN_USD,A,1997,256130.449,E
COL,GDP,TOT,MLN_USD,A,1998,260578.396,E
COL,GDP,TOT,MLN_USD,A,1999,250618.738,E
COL,GDP,TOT,MLN_USD,A,2000,262804.16,E
COL,GDP,TOT,MLN_USD,A,2001,273074.932,E
COL,GDP,TOT,MLN_USD,A,2002,284339.865,E
COL,GDP,TOT,MLN_USD,A,2003,300969.204,E
COL,GDP,TOT,MLN_USD,A,2004,325554.521,E
COL,GDP,TOT,MLN_USD,A,2005,351494.949,
COL,GDP,TOT,MLN_USD,A,2006,386455.856,
COL,GDP,TOT,MLN_USD,A,2007,423576.909,
COL,GDP,TOT,MLN_USD,A,2008,445994.474,
COL,GDP,TOT,MLN_USD,A,2009,454515.97,
COL,GDP,TOT,MLN_USD,A,2010,480479.224,
COL,GDP,TOT,MLN_USD,A,2011,524596.546,
COL,GDP,TOT,MLN_USD,A,2012,548251.361,
COL,GDP,TOT,MLN_USD,A,2013,585888.316,
COL,GDP,TOT,MLN_USD,A,2014,618792.732,
COL,GDP,TOT,MLN_USD,A,2015,624119.465,
COL,GDP,TOT,MLN_USD,A,2016,665398.39,
COL,GDP,TOT,MLN_USD,A,2017,693117.075,
COL,GDP,TOT,MLN_USD,A,2018,738255.957,
COL,GDP,TOT,MLN_USD,A,2019,786356.837,P
COL,GDP,TOT,MLN_USD,A,2020,741127.943,E
EST,GDP,TOT,MLN_USD,A,1993,8652.323,E
EST,GDP,TOT,MLN_USD,A,1994,8691.941,E
EST,GDP,TOT,MLN_USD,A,1995,9275.903,
EST,GDP,TOT,MLN_USD,A,1996,9719.971,
EST,GDP,TOT,MLN_USD,A,1997,11149.006,
EST,GDP,TOT,MLN_USD,A,1998,11696.499,
EST,GDP,TOT,MLN_USD,A,1999,11705.252,
EST,GDP,TOT,MLN_USD,A,2000,13184.477,
EST,GDP,TOT,MLN_USD,A,2001,14334.132,
EST,GDP,TOT,MLN_USD,A,2002,16097.532,
EST,GDP,TOT,MLN_USD,A,2003,17989.12,
EST,GDP,TOT,MLN_USD,A,2004,19787.615,
EST,GDP,TOT,MLN_USD,A,2005,22523.035,
EST,GDP,TOT,MLN_USD,A,2006,26003.489,
EST,GDP,TOT,MLN_USD,A,2007,29715.859,
EST,GDP,TOT,MLN_USD,A,2008,30525.864,
EST,GDP,TOT,MLN_USD,A,2009,27502.871,
EST,GDP,TOT,MLN_USD,A,2010,29046.155,
EST,GDP,TOT,MLN_USD,A,2011,32895.25,
EST,GDP,TOT,MLN_USD,A,2012,34642.164,
EST,GDP,TOT,MLN_USD,A,2013,36432.845,
EST,GDP,TOT,MLN_USD,A,2014,38300.163,
EST,GDP,TOT,MLN_USD,A,2015,38658.851,
EST,GDP,TOT,MLN_USD,A,2016,41548.815,
EST,GDP,TOT,MLN_USD,A,2017,44601.599,
EST,GDP,TOT,MLN_USD,A,2018,48023.215,
EST,GDP,TOT,MLN_USD,A,2019,51509.344,
EST,GDP,TOT,MLN_USD,A,2020,51105.785,
IND,GDP,TOT,MLN_USD,A,1970,152694.934,E
IND,GDP,TOT,MLN_USD,A,1971,163071.097,E
IND,GDP,TOT,MLN_USD,A,1972,169179.026,E
IND,GDP,TOT,MLN_USD,A,1973,184330.693,E
IND,GDP,TOT,MLN_USD,A,1974,203299.58,E
IND,GDP,TOT,MLN_USD,A,1975,242455.185,E
IND,GDP,TOT,MLN_USD,A,1976,260052.606,E
IND,GDP,TOT,MLN_USD,A,1977,296249.08,E
IND,GDP,TOT,MLN_USD,A,1978,335200.411,E
IND,GDP,TOT,MLN_USD,A,1979,343995.471,E
IND,GDP,TOT,MLN_USD,A,1980,400332.653,E
IND,GDP,TOT,MLN_USD,A,1981,464532.833,E
IND,GDP,TOT,MLN_USD,A,1982,510376.099,E
IND,GDP,TOT,MLN_USD,A,1983,569024.261,E
IND,GDP,TOT,MLN_USD,A,1984,612078.335,E
IND,GDP,TOT,MLN_USD,A,1985,664612.438,E
IND,GDP,TOT,MLN_USD,A,1986,710382.004,E
IND,GDP,TOT,MLN_USD,A,1987,756811.769,E
IND,GDP,TOT,MLN_USD,A,1988,858942.254,E
IND,GDP,TOT,MLN_USD,A,1989,945702.666,E
IND,GDP,TOT,MLN_USD,A,1990,1035392.411,E
IND,GDP,TOT,MLN_USD,A,1991,1081719.25,E
IND,GDP,TOT,MLN_USD,A,1992,1167026.26,E
IND,GDP,TOT,MLN_USD,A,1993,1251432.788,E
IND,GDP,TOT,MLN_USD,A,1994,1363267.027,E
IND,GDP,TOT,MLN_USD,A,1995,1497278.186,E
IND,GDP,TOT,MLN_USD,A,1996,1639800.406,E
IND,GDP,TOT,MLN_USD,A,1997,1735631.106,E
IND,GDP,TOT,MLN_USD,A,1998,1863712.751,E
IND,GDP,TOT,MLN_USD,A,1999,2057860.823,E
IND,GDP,TOT,MLN_USD,A,2000,2184672.996,E
IND,GDP,TOT,MLN_USD,A,2001,2340291.66,E
IND,GDP,TOT,MLN_USD,A,2002,2467741.796,E
IND,GDP,TOT,MLN_USD,A,2003,2711146.309,E
IND,GDP,TOT,MLN_USD,A,2004,3004720.147,E
IND,GDP,TOT,MLN_USD,A,2005,3341591.148,E
IND,GDP,TOT,MLN_USD,A,2006,3692995.072,E
IND,GDP,TOT,MLN_USD,A,2007,4117624.683,E
IND,GDP,TOT,MLN_USD,A,2008,4339909.661,E
IND,GDP,TOT,MLN_USD,A,2009,4700537.017,E
IND,GDP,TOT,MLN_USD,A,2010,5170042.756,E
IND,GDP,TOT,MLN_USD,A,2011,5618380.736,
IND,GDP,TOT,MLN_USD,A,2012,6153155.414,
IND,GDP,TOT,MLN_USD,A,2013,6477517.562,
IND,GDP,TOT,MLN_USD,A,2014,6781021.981,
IND,GDP,TOT,MLN_USD,A,2015,7155724.182,
IND,GDP,TOT,MLN_USD,A,2016,7665672.881,
IND,GDP,TOT,MLN_USD,A,2017,8123456.655,E
IDN,GDP,TOT,MLN_USD,A,1993,882246.516,E
IDN,GDP,TOT,MLN_USD,A,1994,969027.177,E
IDN,GDP,TOT,MLN_USD,A,1995,1070670.64,E
IDN,GDP,TOT,MLN_USD,A,1996,1175514.685,E
IDN,GDP,TOT,MLN_USD,A,1997,1251984.81,E
IDN,GDP,TOT,MLN_USD,A,1998,1099882.399,E
IDN,GDP,TOT,MLN_USD,A,1999,1124589.746,E
IDN,GDP,TOT,MLN_USD,A,2000,1097928.464,E
IDN,GDP,TOT,MLN_USD,A,2001,1162890.788,E
IDN,GDP,TOT,MLN_USD,A,2002,1234436.591,E
IDN,GDP,TOT,MLN_USD,A,2003,1317467.763,E
IDN,GDP,TOT,MLN_USD,A,2004,1421001.335,E
IDN,GDP,TOT,MLN_USD,A,2005,1548675.945,E
IDN,GDP,TOT,MLN_USD,A,2006,1683312.047,E
IDN,GDP,TOT,MLN_USD,A,2007,1838206.148,E
IDN,GDP,TOT,MLN_USD,A,2008,1986656.18,
IDN,GDP,TOT,MLN_USD,A,2009,2052493.739,
IDN,GDP,TOT,MLN_USD,A,2010,2056981.02,
IDN,GDP,TOT,MLN_USD,A,2011,2229511.719,
IDN,GDP,TOT,MLN_USD,A,2012,2413435.226,
IDN,GDP,TOT,MLN_USD,A,2013,2535041.373,
IDN,GDP,TOT,MLN_USD,A,2014,2622251.601,
IDN,GDP,TOT,MLN_USD,A,2015,2647706.549,
IDN,GDP,TOT,MLN_USD,A,2016,2744896.64,
IDN,GDP,TOT,MLN_USD,A,2017,2894125.53,
IDN,GDP,TOT,MLN_USD,A,2018,3116958.911,
IDN,GDP,TOT,MLN_USD,A,2019,3331807.554,
IDN,GDP,TOT,MLN_USD,A,2020,3302376.91,
ISR,GDP,TOT,MLN_USD,A,1977,22571.62,E
ISR,GDP,TOT,MLN_USD,A,1978,25502.522,E
ISR,GDP,TOT,MLN_USD,A,1979,29332.552,E
ISR,GDP,TOT,MLN_USD,A,1980,32516.661,E
ISR,GDP,TOT,MLN_USD,A,1981,37494.156,E
ISR,GDP,TOT,MLN_USD,A,1982,40639.705,E
ISR,GDP,TOT,MLN_USD,A,1983,43650.019,E
ISR,GDP,TOT,MLN_USD,A,1984,45646.847,E
ISR,GDP,TOT,MLN_USD,A,1985,48991.413,E
ISR,GDP,TOT,MLN_USD,A,1986,52072.2,E
ISR,GDP,TOT,MLN_USD,A,1987,57169.409,E
ISR,GDP,TOT,MLN_USD,A,1988,60908.347,E
ISR,GDP,TOT,MLN_USD,A,1989,63659.952,E
ISR,GDP,TOT,MLN_USD,A,1990,70874.131,E
ISR,GDP,TOT,MLN_USD,A,1991,78931.918,E
ISR,GDP,TOT,MLN_USD,A,1992,86994.815,E
ISR,GDP,TOT,MLN_USD,A,1993,92722.183,E
ISR,GDP,TOT,MLN_USD,A,1994,101736.48,E
ISR,GDP,TOT,MLN_USD,A,1995,110728.163,
ISR,GDP,TOT,MLN_USD,A,1996,118493.2,
ISR,GDP,TOT,MLN_USD,A,1997,125234.493,
ISR,GDP,TOT,MLN_USD,A,1998,131947.461,
ISR,GDP,TOT,MLN_USD,A,1999,138642.263,
ISR,GDP,TOT,MLN_USD,A,2000,157214.843,
ISR,GDP,TOT,MLN_USD,A,2001,160816.202,
ISR,GDP,TOT,MLN_USD,A,2002,166121.219,
ISR,GDP,TOT,MLN_USD,A,2003,159795.176,
ISR,GDP,TOT,MLN_USD,A,2004,171959.472,
ISR,GDP,TOT,MLN_USD,A,2005,172243.315,
ISR,GDP,TOT,MLN_USD,A,2006,181326.484,
ISR,GDP,TOT,MLN_USD,A,2007,197446.979,
ISR,GDP,TOT,MLN_USD,A,2008,200719.741,
ISR,GDP,TOT,MLN_USD,A,2009,205786.471,
ISR,GDP,TOT,MLN_USD,A,2010,219755.294,
ISR,GDP,TOT,MLN_USD,A,2011,236754.913,
ISR,GDP,TOT,MLN_USD,A,2012,250707.948,
ISR,GDP,TOT,MLN_USD,A,2013,275250.515,
ISR,GDP,TOT,MLN_USD,A,2014,281527.436,
ISR,GDP,TOT,MLN_USD,A,2015,297285.641,
ISR,GDP,TOT,MLN_USD,A,2016,322994.484,
ISR,GDP,TOT,MLN_USD,A,2017,338372.035,
ISR,GDP,TOT,MLN_USD,A,2018,358359.666,
ISR,GDP,TOT,MLN_USD,A,2019,379793.445,
ISR,GDP,TOT,MLN_USD,A,2020,385772.777,
RUS,GDP,TOT,MLN_USD,A,1995,893649.805,E
RUS,GDP,TOT,MLN_USD,A,1996,877181.595,E
RUS,GDP,TOT,MLN_USD,A,1997,904631.52,E
RUS,GDP,TOT,MLN_USD,A,1998,865918.063,E
RUS,GDP,TOT,MLN_USD,A,1999,934209.415,E
RUS,GDP,TOT,MLN_USD,A,2000,1073593.408,E
RUS,GDP,TOT,MLN_USD,A,2001,1152998.495,E
RUS,GDP,TOT,MLN_USD,A,2002,1253122.777,E
RUS,GDP,TOT,MLN_USD,A,2003,1437840.922,E
RUS,GDP,TOT,MLN_USD,A,2004,1582506.988,E
RUS,GDP,TOT,MLN_USD,A,2005,1822444.794,E
RUS,GDP,TOT,MLN_USD,A,2006,2291243.855,E
RUS,GDP,TOT,MLN_USD,A,2007,2553606.502,E
RUS,GDP,TOT,MLN_USD,A,2008,3091455.591,E
RUS,GDP,TOT,MLN_USD,A,2009,2973733.08,E
RUS,GDP,TOT,MLN_USD,A,2010,3143873.887,E
RUS,GDP,TOT,MLN_USD,A,2011,3259319.17,
RUS,GDP,TOT,MLN_USD,A,2012,3480301.72,
RUS,GDP,TOT,MLN_USD,A,2013,3741783.371,
RUS,GDP,TOT,MLN_USD,A,2014,3763536.922,
RUS,GDP,TOT,MLN_USD,A,2015,3526234.314,
RUS,GDP,TOT,MLN_USD,A,2016,3538975.3,
RUS,GDP,TOT,MLN_USD,A,2017,3807099.411,
RUS,GDP,TOT,MLN_USD,A,2018,4211362.884,
RUS,GDP,TOT,MLN_USD,A,2019,4283892.18,
RUS,GDP,TOT,MLN_USD,A,2020,4133083.597,
SVN,GDP,TOT,MLN_USD,A,1990,24676.973,E
SVN,GDP,TOT,MLN_USD,A,1991,23240.939,E
SVN,GDP,TOT,MLN_USD,A,1992,22471.827,E
SVN,GDP,TOT,MLN_USD,A,1993,23658.354,E
SVN,GDP,TOT,MLN_USD,A,1994,25450.859,E
SVN,GDP,TOT,MLN_USD,A,1995,27051.747,
SVN,GDP,TOT,MLN_USD,A,1996,28383.946,
SVN,GDP,TOT,MLN_USD,A,1997,30340.383,
SVN,GDP,TOT,MLN_USD,A,1998,31815.854,
SVN,GDP,TOT,MLN_USD,A,1999,33876.846,
SVN,GDP,TOT,MLN_USD,A,2000,35818.652,
SVN,GDP,TOT,MLN_USD,A,2001,37762.261,
SVN,GDP,TOT,MLN_USD,A,2002,40372.33,
SVN,GDP,TOT,MLN_USD,A,2003,42091.237,
SVN,GDP,TOT,MLN_USD,A,2004,45416.216,
SVN,GDP,TOT,MLN_USD,A,2005,47716.594,
SVN,GDP,TOT,MLN_USD,A,2006,51548.468,
SVN,GDP,TOT,MLN_USD,A,2007,55572.363,
SVN,GDP,TOT,MLN_USD,A,2008,59839.586,
SVN,GDP,TOT,MLN_USD,A,2009,56209.216,
SVN,GDP,TOT,MLN_USD,A,2010,57049.221,
SVN,GDP,TOT,MLN_USD,A,2011,59391.555,
SVN,GDP,TOT,MLN_USD,A,2012,59745.667,
SVN,GDP,TOT,MLN_USD,A,2013,61744.434,
SVN,GDP,TOT,MLN_USD,A,2014,63653.392,
SVN,GDP,TOT,MLN_USD,A,2015,65265.909,
SVN,GDP,TOT,MLN_USD,A,2016,70079.359,
SVN,GDP,TOT,MLN_USD,A,2017,75434.833,
SVN,GDP,TOT,MLN_USD,A,2018,80706.96,
SVN,GDP,TOT,MLN_USD,A,2019,86028.575,
SVN,GDP,TOT,MLN_USD,A,2020,83150.992,
ZAF,GDP,TOT,MLN_USD,A,1970,49712.479,
ZAF,GDP,TOT,MLN_USD,A,1971,54467.478,
ZAF,GDP,TOT,MLN_USD,A,1972,57762.274,
ZAF,GDP,TOT,MLN_USD,A,1973,63713.187,
ZAF,GDP,TOT,MLN_USD,A,1974,73690.498,
ZAF,GDP,TOT,MLN_USD,A,1975,81881.237,
ZAF,GDP,TOT,MLN_USD,A,1976,88331.087,
ZAF,GDP,TOT,MLN_USD,A,1977,93731.257,
ZAF,GDP,TOT,MLN_USD,A,1978,103348.43,
ZAF,GDP,TOT,MLN_USD,A,1979,116165.264,
ZAF,GDP,TOT,MLN_USD,A,1980,135044.052,
ZAF,GDP,TOT,MLN_USD,A,1981,155746.565,
ZAF,GDP,TOT,MLN_USD,A,1982,164734.906,
ZAF,GDP,TOT,MLN_USD,A,1983,168026.171,
ZAF,GDP,TOT,MLN_USD,A,1984,182965.033,
ZAF,GDP,TOT,MLN_USD,A,1985,186464.437,
ZAF,GDP,TOT,MLN_USD,A,1986,190253.613,
ZAF,GDP,TOT,MLN_USD,A,1987,199053.155,
ZAF,GDP,TOT,MLN_USD,A,1988,214729.967,
ZAF,GDP,TOT,MLN_USD,A,1989,228492.038,
ZAF,GDP,TOT,MLN_USD,A,1990,236292.031,
ZAF,GDP,TOT,MLN_USD,A,1991,241795.483,
ZAF,GDP,TOT,MLN_USD,A,1992,242020.314,
ZAF,GDP,TOT,MLN_USD,A,1993,250810.751,
ZAF,GDP,TOT,MLN_USD,A,1994,264363.841,
ZAF,GDP,TOT,MLN_USD,A,1995,278274.213,
ZAF,GDP,TOT,MLN_USD,A,1996,295554.385,
ZAF,GDP,TOT,MLN_USD,A,1997,308467.828,
ZAF,GDP,TOT,MLN_USD,A,1998,313499.397,
ZAF,GDP,TOT,MLN_USD,A,1999,325658.318,
ZAF,GDP,TOT,MLN_USD,A,2000,346921.747,
ZAF,GDP,TOT,MLN_USD,A,2001,364103.541,
ZAF,GDP,TOT,MLN_USD,A,2002,383549.133,
ZAF,GDP,TOT,MLN_USD,A,2003,402193.233,
ZAF,GDP,TOT,MLN_USD,A,2004,431832.392,
ZAF,GDP,TOT,MLN_USD,A,2005,468781.595,
ZAF,GDP,TOT,MLN_USD,A,2006,510032.429,
ZAF,GDP,TOT,MLN_USD,A,2007,551807.921,
ZAF,GDP,TOT,MLN_USD,A,2008,580492.268,
ZAF,GDP,TOT,MLN_USD,A,2009,575921.095,
ZAF,GDP,TOT,MLN_USD,A,2010,600342.463,
ZAF,GDP,TOT,MLN_USD,A,2011,633011.149,
ZAF,GDP,TOT,MLN_USD,A,2012,637033.795,
ZAF,GDP,TOT,MLN_USD,A,2013,668457.699,
ZAF,GDP,TOT,MLN_USD,A,2014,682954.739,
ZAF,GDP,TOT,MLN_USD,A,2015,695228.551,
ZAF,GDP,TOT,MLN_USD,A,2016,707743.902,
ZAF,GDP,TOT,MLN_USD,A,2017,724100.729,
ZAF,GDP,TOT,MLN_USD,A,2018,747322.178,
ZAF,GDP,TOT,MLN_USD,A,2019,761823.649,
ZAF,GDP,TOT,MLN_USD,A,2020,717389.391,
DEW,GDP,TOT,MLN_USD,A,1970,276730.633,
DEW,GDP,TOT,MLN_USD,A,1971,299905.269,
DEW,GDP,TOT,MLN_USD,A,1972,326366.453,
DEW,GDP,TOT,MLN_USD,A,1973,360571.134,
DEW,GDP,TOT,MLN_USD,A,1974,396464.788,
DEW,GDP,TOT,MLN_USD,A,1975,429433.161,
DEW,GDP,TOT,MLN_USD,A,1976,475429.982,
DEW,GDP,TOT,MLN_USD,A,1977,521828.014,
DEW,GDP,TOT,MLN_USD,A,1978,575265.783,
DEW,GDP,TOT,MLN_USD,A,1979,648588.426,
DEW,GDP,TOT,MLN_USD,A,1980,717053.748,
DEW,GDP,TOT,MLN_USD,A,1981,788133.178,
DEW,GDP,TOT,MLN_USD,A,1982,833736.023,
DEW,GDP,TOT,MLN_USD,A,1983,880268.751,
DEW,GDP,TOT,MLN_USD,A,1984,937246.114,
DEW,GDP,TOT,MLN_USD,A,1985,989736.455,
DEW,GDP,TOT,MLN_USD,A,1986,1032794.151,
DEW,GDP,TOT,MLN_USD,A,1987,1074006.333,
DEW,GDP,TOT,MLN_USD,A,1988,1152817.388,
DEW,GDP,TOT,MLN_USD,A,1989,1244310.092,
DEW,GDP,TOT,MLN_USD,A,1990,1358156.873,
DEW,GDP,TOT,MLN_USD,A,1991,1475016.799,
OECD,GDP,TOT,MLN_USD,A,1970,3228755.234,E
OECD,GDP,TOT,MLN_USD,A,1971,3520712.199,E
OECD,GDP,TOT,MLN_USD,A,1972,3875143.994,E
OECD,GDP,TOT,MLN_USD,A,1973,4342950.868,E
OECD,GDP,TOT,MLN_USD,A,1974,4786148.992,E
OECD,GDP,TOT,MLN_USD,A,1975,5251286.96,E
OECD,GDP,TOT,MLN_USD,A,1976,5811454.072,E
OECD,GDP,TOT,MLN_USD,A,1977,6398623.185,E
OECD,GDP,TOT,MLN_USD,A,1978,7155512.231,E
OECD,GDP,TOT,MLN_USD,A,1979,8050915.606,E
OECD,GDP,TOT,MLN_USD,A,1980,8893666.884,E
OECD,GDP,TOT,MLN_USD,A,1981,9957055.929,E
OECD,GDP,TOT,MLN_USD,A,1982,10585023.02,E
OECD,GDP,TOT,MLN_USD,A,1983,11326269.95,E
OECD,GDP,TOT,MLN_USD,A,1984,12293174.48,E
OECD,GDP,TOT,MLN_USD,A,1985,13155630.39,E
OECD,GDP,TOT,MLN_USD,A,1986,13820988.4,E
OECD,GDP,TOT,MLN_USD,A,1987,14687318.45,E
OECD,GDP,TOT,MLN_USD,A,1988,15898198.63,E
OECD,GDP,TOT,MLN_USD,A,1989,17143679.22,E
OECD,GDP,TOT,MLN_USD,A,1990,18320695.28,E
OECD,GDP,TOT,MLN_USD,A,1991,19226009.33,E
OECD,GDP,TOT,MLN_USD,A,1992,20114937.05,E
OECD,GDP,TOT,MLN_USD,A,1993,20890829.98,E
OECD,GDP,TOT,MLN_USD,A,1994,22041324.73,E
OECD,GDP,TOT,MLN_USD,A,1995,23079861.97,E
OECD,GDP,TOT,MLN_USD,A,1996,24278995.38,E
OECD,GDP,TOT,MLN_USD,A,1997,25598326.95,E
OECD,GDP,TOT,MLN_USD,A,1998,26479081.06,E
OECD,GDP,TOT,MLN_USD,A,1999,27713187.97,E
OECD,GDP,TOT,MLN_USD,A,2000,29632972.83,E
OECD,GDP,TOT,MLN_USD,A,2001,30777860.38,E
OECD,GDP,TOT,MLN_USD,A,2002,31976054.07,E
OECD,GDP,TOT,MLN_USD,A,2003,33154852.85,E
OECD,GDP,TOT,MLN_USD,A,2004,35161855.01,E
OECD,GDP,TOT,MLN_USD,A,2005,37097221.32,
OECD,GDP,TOT,MLN_USD,A,2006,39839313.91,
OECD,GDP,TOT,MLN_USD,A,2007,42078405.71,
OECD,GDP,TOT,MLN_USD,A,2008,43489880.2,
OECD,GDP,TOT,MLN_USD,A,2009,42629223.41,
OECD,GDP,TOT,MLN_USD,A,2010,44569811.71,B
OECD,GDP,TOT,MLN_USD,A,2011,46620619.35,
OECD,GDP,TOT,MLN_USD,A,2012,48147499.47,
OECD,GDP,TOT,MLN_USD,A,2013,50184298.12,
OECD,GDP,TOT,MLN_USD,A,2014,51997210.98,
OECD,GDP,TOT,MLN_USD,A,2015,53868501.38,
OECD,GDP,TOT,MLN_USD,A,2016,56115409.81,
OECD,GDP,TOT,MLN_USD,A,2017,58583522.14,
OECD,GDP,TOT,MLN_USD,A,2018,61264876.66,E
OECD,GDP,TOT,MLN_USD,A,2019,63285578.19,E
OECD,GDP,TOT,MLN_USD,A,2020,61325872.55,E
OECDE,GDP,TOT,MLN_USD,A,1994,8976344.112,E
OECDE,GDP,TOT,MLN_USD,A,1995,9431826.605,E
OECDE,GDP,TOT,MLN_USD,A,1996,9843570.048,E
OECDE,GDP,TOT,MLN_USD,A,1997,10341331.29,E
OECDE,GDP,TOT,MLN_USD,A,1998,10624998.56,
OECDE,GDP,TOT,MLN_USD,A,1999,11030733.55,
OECDE,GDP,TOT,MLN_USD,A,2000,11831419.35,
OECDE,GDP,TOT,MLN_USD,A,2001,12379432.37,
OECDE,GDP,TOT,MLN_USD,A,2002,12924184.81,
OECDE,GDP,TOT,MLN_USD,A,2003,13273656.05,
OECDE,GDP,TOT,MLN_USD,A,2004,14014385.72,
OECDE,GDP,TOT,MLN_USD,A,2005,14626140.61,
OECDE,GDP,TOT,MLN_USD,A,2006,15935805.84,
OECDE,GDP,TOT,MLN_USD,A,2007,16968915.39,
OECDE,GDP,TOT,MLN_USD,A,2008,17836093.48,
OECDE,GDP,TOT,MLN_USD,A,2009,17456075.47,
OECDE,GDP,TOT,MLN_USD,A,2010,18222887.14,B
OECDE,GDP,TOT,MLN_USD,A,2011,19169050.51,
OECDE,GDP,TOT,MLN_USD,A,2012,19600234.84,
OECDE,GDP,TOT,MLN_USD,A,2013,20438079.98,
OECDE,GDP,TOT,MLN_USD,A,2014,21177087.84,
OECDE,GDP,TOT,MLN_USD,A,2015,21957466.54,
OECDE,GDP,TOT,MLN_USD,A,2016,23210842.44,
OECDE,GDP,TOT,MLN_USD,A,2017,24409275.96,
OECDE,GDP,TOT,MLN_USD,A,2018,25472387.73,P
OECDE,GDP,TOT,MLN_USD,A,2019,26375014.84,P
OECDE,GDP,TOT,MLN_USD,A,2020,25390404.62,E
LVA,GDP,TOT,MLN_USD,A,1994,14835.391,
LVA,GDP,TOT,MLN_USD,A,1995,13670.403,
LVA,GDP,TOT,MLN_USD,A,1996,14224.128,
LVA,GDP,TOT,MLN_USD,A,1997,15762.289,
LVA,GDP,TOT,MLN_USD,A,1998,17016.888,
LVA,GDP,TOT,MLN_USD,A,1999,17683.869,
LVA,GDP,TOT,MLN_USD,A,2000,19019.264,
LVA,GDP,TOT,MLN_USD,A,2001,21120.029,
LVA,GDP,TOT,MLN_USD,A,2002,23260.397,
LVA,GDP,TOT,MLN_USD,A,2003,25232.526,
LVA,GDP,TOT,MLN_USD,A,2004,27699.88,
LVA,GDP,TOT,MLN_USD,A,2005,31069.323,
LVA,GDP,TOT,MLN_USD,A,2006,35048.854,
LVA,GDP,TOT,MLN_USD,A,2007,40013.9,
LVA,GDP,TOT,MLN_USD,A,2008,42500.525,
LVA,GDP,TOT,MLN_USD,A,2009,36356.754,
LVA,GDP,TOT,MLN_USD,A,2010,37035.492,
LVA,GDP,TOT,MLN_USD,A,2011,40945.395,
LVA,GDP,TOT,MLN_USD,A,2012,43549.741,
LVA,GDP,TOT,MLN_USD,A,2013,45914.339,
LVA,GDP,TOT,MLN_USD,A,2014,47459.627,
LVA,GDP,TOT,MLN_USD,A,2015,49361.737,
LVA,GDP,TOT,MLN_USD,A,2016,52339.473,
LVA,GDP,TOT,MLN_USD,A,2017,55645.386,
LVA,GDP,TOT,MLN_USD,A,2018,59355.896,
LVA,GDP,TOT,MLN_USD,A,2019,61247.544,
LVA,GDP,TOT,MLN_USD,A,2020,60886.135,
BRA,GDP,TOT,MLN_USD,A,1995,1310885.157,
BRA,GDP,TOT,MLN_USD,A,1996,1364355.991,
BRA,GDP,TOT,MLN_USD,A,1997,1434999.307,
BRA,GDP,TOT,MLN_USD,A,1998,1456056.827,
BRA,GDP,TOT,MLN_USD,A,1999,1483991.236,
BRA,GDP,TOT,MLN_USD,A,2000,1583737.988,
BRA,GDP,TOT,MLN_USD,A,2001,1640971.198,
BRA,GDP,TOT,MLN_USD,A,2002,1717826.456,
BRA,GDP,TOT,MLN_USD,A,2003,1769689.546,
BRA,GDP,TOT,MLN_USD,A,2004,1922011.09,
BRA,GDP,TOT,MLN_USD,A,2005,2045343.057,
BRA,GDP,TOT,MLN_USD,A,2006,2190727.859,
BRA,GDP,TOT,MLN_USD,A,2007,2386123.391,
BRA,GDP,TOT,MLN_USD,A,2008,2556454.782,
BRA,GDP,TOT,MLN_USD,A,2009,2572703.03,
BRA,GDP,TOT,MLN_USD,A,2010,2798617.242,
BRA,GDP,TOT,MLN_USD,A,2011,2970630.763,
BRA,GDP,TOT,MLN_USD,A,2012,2998534.425,
BRA,GDP,TOT,MLN_USD,A,2013,3133893.65,
BRA,GDP,TOT,MLN_USD,A,2014,3187155.079,
BRA,GDP,TOT,MLN_USD,A,2015,3014754.849,
BRA,GDP,TOT,MLN_USD,A,2016,2939094.21,
BRA,GDP,TOT,MLN_USD,A,2017,3018705.989,
BRA,GDP,TOT,MLN_USD,A,2018,3146320.981,
LTU,GDP,TOT,MLN_USD,A,1995,21470.186,
LTU,GDP,TOT,MLN_USD,A,1996,22941.763,
LTU,GDP,TOT,MLN_USD,A,1997,25265.839,
LTU,GDP,TOT,MLN_USD,A,1998,27550.7,
LTU,GDP,TOT,MLN_USD,A,1999,27562.049,
LTU,GDP,TOT,MLN_USD,A,2000,29569.579,
LTU,GDP,TOT,MLN_USD,A,2001,32765.022,
LTU,GDP,TOT,MLN_USD,A,2002,36085.819,
LTU,GDP,TOT,MLN_USD,A,2003,41171.201,
LTU,GDP,TOT,MLN_USD,A,2004,43968.09,
LTU,GDP,TOT,MLN_USD,A,2005,48211.647,
LTU,GDP,TOT,MLN_USD,A,2006,53828.551,
LTU,GDP,TOT,MLN_USD,A,2007,61625.453,
LTU,GDP,TOT,MLN_USD,A,2008,66270.653,
LTU,GDP,TOT,MLN_USD,A,2009,57343.818,
LTU,GDP,TOT,MLN_USD,A,2010,62292.855,
LTU,GDP,TOT,MLN_USD,A,2011,69297.819,
LTU,GDP,TOT,MLN_USD,A,2012,73809.042,
LTU,GDP,TOT,MLN_USD,A,2013,79034.188,
LTU,GDP,TOT,MLN_USD,A,2014,82647.295,
LTU,GDP,TOT,MLN_USD,A,2015,83761.504,
LTU,GDP,TOT,MLN_USD,A,2016,88700.479,
LTU,GDP,TOT,MLN_USD,A,2017,95492.278,
LTU,GDP,TOT,MLN_USD,A,2018,101826.049,
LTU,GDP,TOT,MLN_USD,A,2019,108314.8,
LTU,GDP,TOT,MLN_USD,A,2020,108252.048,
SAU,GDP,TOT,MLN_USD,A,1970,54232.698,
SAU,GDP,TOT,MLN_USD,A,1971,68344.746,
SAU,GDP,TOT,MLN_USD,A,1972,88049.984,
SAU,GDP,TOT,MLN_USD,A,1973,116667.46,
SAU,GDP,TOT,MLN_USD,A,1974,162127.28,
SAU,GDP,TOT,MLN_USD,A,1975,186404.749,
SAU,GDP,TOT,MLN_USD,A,1976,221676.565,
SAU,GDP,TOT,MLN_USD,A,1977,251940.242,
SAU,GDP,TOT,MLN_USD,A,1978,267033.133,
SAU,GDP,TOT,MLN_USD,A,1979,317602.122,
SAU,GDP,TOT,MLN_USD,A,1980,368866.714,
SAU,GDP,TOT,MLN_USD,A,1981,422710.089,
SAU,GDP,TOT,MLN_USD,A,1982,399014.605,
SAU,GDP,TOT,MLN_USD,A,1983,380573.701,
SAU,GDP,TOT,MLN_USD,A,1984,382126.334,
SAU,GDP,TOT,MLN_USD,A,1985,377164.537,
SAU,GDP,TOT,MLN_USD,A,1986,404345.685,
SAU,GDP,TOT,MLN_USD,A,1987,397836.551,
SAU,GDP,TOT,MLN_USD,A,1988,445742.19,
SAU,GDP,TOT,MLN_USD,A,1989,463506.168,
SAU,GDP,TOT,MLN_USD,A,1990,520904.932,
SAU,GDP,TOT,MLN_USD,A,1991,619341.2,
SAU,GDP,TOT,MLN_USD,A,1992,658714.708,
SAU,GDP,TOT,MLN_USD,A,1993,665125.504,
SAU,GDP,TOT,MLN_USD,A,1994,683123.998,
SAU,GDP,TOT,MLN_USD,A,1995,698927.183,
SAU,GDP,TOT,MLN_USD,A,1996,730495.955,
SAU,GDP,TOT,MLN_USD,A,1997,751294.684,
SAU,GDP,TOT,MLN_USD,A,1998,781733,
SAU,GDP,TOT,MLN_USD,A,1999,763176.096,
SAU,GDP,TOT,MLN_USD,A,2000,824128.264,
SAU,GDP,TOT,MLN_USD,A,2001,832007.958,
SAU,GDP,TOT,MLN_USD,A,2002,821341.582,
SAU,GDP,TOT,MLN_USD,A,2003,930645.164,
SAU,GDP,TOT,MLN_USD,A,2004,1031758.941,
SAU,GDP,TOT,MLN_USD,A,2005,1123197.697,
SAU,GDP,TOT,MLN_USD,A,2006,1189455.013,
SAU,GDP,TOT,MLN_USD,A,2007,1243968.072,
SAU,GDP,TOT,MLN_USD,A,2008,1347422.314,
SAU,GDP,TOT,MLN_USD,A,2009,1329736.077,
SAU,GDP,TOT,MLN_USD,A,2010,1413023.527,
SAU,GDP,TOT,MLN_USD,A,2011,1586748.761,
SAU,GDP,TOT,MLN_USD,A,2012,1672470.749,
SAU,GDP,TOT,MLN_USD,A,2013,1680157.97,
SAU,GDP,TOT,MLN_USD,A,2014,1722861.782,
SAU,GDP,TOT,MLN_USD,A,2015,1541832.118,
SAU,GDP,TOT,MLN_USD,A,2016,1475671.786,
SAU,GDP,TOT,MLN_USD,A,2017,1565891.922,
SAU,GDP,TOT,MLN_USD,A,2018,1642519.382,
SAU,GDP,TOT,MLN_USD,A,2019,1677381.92,
SAU,GDP,TOT,MLN_USD,A,2020,1627982.386,
EA19,GDP,TOT,MLN_USD,A,1995,6469173.637,
EA19,GDP,TOT,MLN_USD,A,1996,6684644.465,
EA19,GDP,TOT,MLN_USD,A,1997,6981213.693,
EA19,GDP,TOT,MLN_USD,A,1998,7331711.76,
EA19,GDP,TOT,MLN_USD,A,1999,7632418.62,
EA19,GDP,TOT,MLN_USD,A,2000,8134358.207,
EA19,GDP,TOT,MLN_USD,A,2001,8546041.964,
EA19,GDP,TOT,MLN_USD,A,2002,8920949.065,
EA19,GDP,TOT,MLN_USD,A,2003,9106404.871,
EA19,GDP,TOT,MLN_USD,A,2004,9516456.271,
EA19,GDP,TOT,MLN_USD,A,2005,9902612.278,
EA19,GDP,TOT,MLN_USD,A,2006,10747111.27,
EA19,GDP,TOT,MLN_USD,A,2007,11430222.95,
EA19,GDP,TOT,MLN_USD,A,2008,11931468.5,
EA19,GDP,TOT,MLN_USD,A,2009,11669585.76,
EA19,GDP,TOT,MLN_USD,A,2010,12029243.74,
EA19,GDP,TOT,MLN_USD,A,2011,12552232.12,
EA19,GDP,TOT,MLN_USD,A,2012,12704236.26,
EA19,GDP,TOT,MLN_USD,A,2013,13148107.06,
EA19,GDP,TOT,MLN_USD,A,2014,13520383.14,
EA19,GDP,TOT,MLN_USD,A,2015,13929246,
EA19,GDP,TOT,MLN_USD,A,2016,14821572.39,
EA19,GDP,TOT,MLN_USD,A,2017,15556166.37,
EA19,GDP,TOT,MLN_USD,A,2018,16250689.14,
EA19,GDP,TOT,MLN_USD,A,2019,16868493.62,
EA19,GDP,TOT,MLN_USD,A,2020,16043426.7,
ARG,GDP,TOT,MLN_USD,A,2004,470169.433,
ARG,GDP,TOT,MLN_USD,A,2005,527729.109,
ARG,GDP,TOT,MLN_USD,A,2006,587451.577,
ARG,GDP,TOT,MLN_USD,A,2007,657569.211,
ARG,GDP,TOT,MLN_USD,A,2008,697557.859,
ARG,GDP,TOT,MLN_USD,A,2009,661275.817,
ARG,GDP,TOT,MLN_USD,A,2010,736718.361,
ARG,GDP,TOT,MLN_USD,A,2011,797263.882,
ARG,GDP,TOT,MLN_USD,A,2012,819697.902,
ARG,GDP,TOT,MLN_USD,A,2013,849616,
ARG,GDP,TOT,MLN_USD,A,2014,839896.688,
ARG,GDP,TOT,MLN_USD,A,2015,867176.759,
ARG,GDP,TOT,MLN_USD,A,2016,885227.529,
ARG,GDP,TOT,MLN_USD,A,2017,1039330.592,
ARG,GDP,TOT,MLN_USD,A,2018,1036982.075,
ARG,GDP,TOT,MLN_USD,A,2019,1033454.909,
ARG,GDP,TOT,MLN_USD,A,2020,942366.94,
CRI,GDP,TOT,MLN_USD,A,1991,17225.593,
CRI,GDP,TOT,MLN_USD,A,1992,19245.156,
CRI,GDP,TOT,MLN_USD,A,1993,21110.501,
CRI,GDP,TOT,MLN_USD,A,1994,22538.086,
CRI,GDP,TOT,MLN_USD,A,1995,23970.119,
CRI,GDP,TOT,MLN_USD,A,1996,24699.364,
CRI,GDP,TOT,MLN_USD,A,1997,26518.347,
CRI,GDP,TOT,MLN_USD,A,1998,28681.659,
CRI,GDP,TOT,MLN_USD,A,1999,30220.968,
CRI,GDP,TOT,MLN_USD,A,2000,32084.564,
CRI,GDP,TOT,MLN_USD,A,2001,33921.231,
CRI,GDP,TOT,MLN_USD,A,2002,35611.118,
CRI,GDP,TOT,MLN_USD,A,2003,37813.018,
CRI,GDP,TOT,MLN_USD,A,2004,40514.992,
CRI,GDP,TOT,MLN_USD,A,2005,43403.854,
CRI,GDP,TOT,MLN_USD,A,2006,47971.068,
CRI,GDP,TOT,MLN_USD,A,2007,53297.55,
CRI,GDP,TOT,MLN_USD,A,2008,56911.82,
CRI,GDP,TOT,MLN_USD,A,2009,56779.592,
CRI,GDP,TOT,MLN_USD,A,2010,60553.221,
CRI,GDP,TOT,MLN_USD,A,2011,64567.752,
CRI,GDP,TOT,MLN_USD,A,2012,69073.803,
CRI,GDP,TOT,MLN_USD,A,2013,73210.057,
CRI,GDP,TOT,MLN_USD,A,2014,79269.13,
CRI,GDP,TOT,MLN_USD,A,2015,85240.084,
CRI,GDP,TOT,MLN_USD,A,2016,93454.856,
CRI,GDP,TOT,MLN_USD,A,2017,100716.907,
CRI,GDP,TOT,MLN_USD,A,2018,104960.285,E
CRI,GDP,TOT,MLN_USD,A,2019,109998.851,E
CRI,GDP,TOT,MLN_USD,A,2020,107138.476,E
BGR,GDP,TOT,MLN_USD,A,1995,64930.23,
BGR,GDP,TOT,MLN_USD,A,1996,57134.671,
BGR,GDP,TOT,MLN_USD,A,1997,47781.371,
BGR,GDP,TOT,MLN_USD,A,1998,51005.61,
BGR,GDP,TOT,MLN_USD,A,1999,47685.735,
BGR,GDP,TOT,MLN_USD,A,2000,52491.528,
BGR,GDP,TOT,MLN_USD,A,2001,55759.755,
BGR,GDP,TOT,MLN_USD,A,2002,61023.384,
BGR,GDP,TOT,MLN_USD,A,2003,65377.576,
BGR,GDP,TOT,MLN_USD,A,2004,70947.276,
BGR,GDP,TOT,MLN_USD,A,2005,78821.715,
BGR,GDP,TOT,MLN_USD,A,2006,86597.081,
BGR,GDP,TOT,MLN_USD,A,2007,96549.248,
BGR,GDP,TOT,MLN_USD,A,2008,107410.912,
BGR,GDP,TOT,MLN_USD,A,2009,105648.489,
BGR,GDP,TOT,MLN_USD,A,2010,110040.697,
BGR,GDP,TOT,MLN_USD,A,2011,115128.421,
BGR,GDP,TOT,MLN_USD,A,2012,118701.781,
BGR,GDP,TOT,MLN_USD,A,2013,120520.814,
BGR,GDP,TOT,MLN_USD,A,2014,126862.574,
BGR,GDP,TOT,MLN_USD,A,2015,131666.906,
BGR,GDP,TOT,MLN_USD,A,2016,142696.411,
BGR,GDP,TOT,MLN_USD,A,2017,151335.246,
BGR,GDP,TOT,MLN_USD,A,2018,160951.517,
BGR,GDP,TOT,MLN_USD,A,2019,171459.528,
BGR,GDP,TOT,MLN_USD,A,2020,168799.471,P
HRV,GDP,TOT,MLN_USD,A,1995,36940.428,
HRV,GDP,TOT,MLN_USD,A,1996,39758.817,
HRV,GDP,TOT,MLN_USD,A,1997,42933.08,
HRV,GDP,TOT,MLN_USD,A,1998,44512.66,
HRV,GDP,TOT,MLN_USD,A,1999,44528.501,
HRV,GDP,TOT,MLN_USD,A,2000,47307.968,
HRV,GDP,TOT,MLN_USD,A,2001,49665.514,
HRV,GDP,TOT,MLN_USD,A,2002,54408.765,
HRV,GDP,TOT,MLN_USD,A,2003,58310.012,
HRV,GDP,TOT,MLN_USD,A,2004,62559.614,
HRV,GDP,TOT,MLN_USD,A,2005,65947.589,
HRV,GDP,TOT,MLN_USD,A,2006,75104.328,
HRV,GDP,TOT,MLN_USD,A,2007,83268.104,
HRV,GDP,TOT,MLN_USD,A,2008,89507.429,
HRV,GDP,TOT,MLN_USD,A,2009,86145.14,
HRV,GDP,TOT,MLN_USD,A,2010,85111.874,
HRV,GDP,TOT,MLN_USD,A,2011,89055.653,
HRV,GDP,TOT,MLN_USD,A,2012,90338.799,
HRV,GDP,TOT,MLN_USD,A,2013,92861.599,
HRV,GDP,TOT,MLN_USD,A,2014,93502.185,
HRV,GDP,TOT,MLN_USD,A,2015,96704.418,
HRV,GDP,TOT,MLN_USD,A,2016,103842.682,
HRV,GDP,TOT,MLN_USD,A,2017,110537.908,
HRV,GDP,TOT,MLN_USD,A,2018,116725.695,
HRV,GDP,TOT,MLN_USD,A,2019,122956.837,P
HRV,GDP,TOT,MLN_USD,A,2020,115781.94,P
CYP,GDP,TOT,MLN_USD,A,1995,11100.311,
CYP,GDP,TOT,MLN_USD,A,1996,11425.637,
CYP,GDP,TOT,MLN_USD,A,1997,11922.442,
CYP,GDP,TOT,MLN_USD,A,1998,12737.424,
CYP,GDP,TOT,MLN_USD,A,1999,13502.027,
CYP,GDP,TOT,MLN_USD,A,2000,14781.223,
CYP,GDP,TOT,MLN_USD,A,2001,16045.639,
CYP,GDP,TOT,MLN_USD,A,2002,16716.211,
CYP,GDP,TOT,MLN_USD,A,2003,17422.376,
CYP,GDP,TOT,MLN_USD,A,2004,18871.484,
CYP,GDP,TOT,MLN_USD,A,2005,20504.176,
CYP,GDP,TOT,MLN_USD,A,2006,22510.259,
CYP,GDP,TOT,MLN_USD,A,2007,25193.793,
CYP,GDP,TOT,MLN_USD,A,2008,27398.527,
CYP,GDP,TOT,MLN_USD,A,2009,27400.309,
CYP,GDP,TOT,MLN_USD,A,2010,27744.149,
CYP,GDP,TOT,MLN_USD,A,2011,28345.721,
CYP,GDP,TOT,MLN_USD,A,2012,27503.333,
CYP,GDP,TOT,MLN_USD,A,2013,26181.605,
CYP,GDP,TOT,MLN_USD,A,2014,25643.656,
CYP,GDP,TOT,MLN_USD,A,2015,26968.66,
CYP,GDP,TOT,MLN_USD,A,2016,30416.939,
CYP,GDP,TOT,MLN_USD,A,2017,32705.482,
CYP,GDP,TOT,MLN_USD,A,2018,35217.357,
CYP,GDP,TOT,MLN_USD,A,2019,36614.189,P
CYP,GDP,TOT,MLN_USD,A,2020,34385.469,P
MLT,GDP,TOT,MLN_USD,A,1995,5267.669,
MLT,GDP,TOT,MLN_USD,A,1996,5556.203,
MLT,GDP,TOT,MLN_USD,A,1997,5927.887,
MLT,GDP,TOT,MLN_USD,A,1998,6249.258,
MLT,GDP,TOT,MLN_USD,A,1999,6564.679,
MLT,GDP,TOT,MLN_USD,A,2000,7163.381,
MLT,GDP,TOT,MLN_USD,A,2001,7278.363,
MLT,GDP,TOT,MLN_USD,A,2002,7760.932,
MLT,GDP,TOT,MLN_USD,A,2003,8333.524,
MLT,GDP,TOT,MLN_USD,A,2004,8638.259,
MLT,GDP,TOT,MLN_USD,A,2005,9008.166,
MLT,GDP,TOT,MLN_USD,A,2006,9439.497,
MLT,GDP,TOT,MLN_USD,A,2007,10179.831,
MLT,GDP,TOT,MLN_USD,A,2008,10858.152,
MLT,GDP,TOT,MLN_USD,A,2009,11000.439,
MLT,GDP,TOT,MLN_USD,A,2010,11914.869,
MLT,GDP,TOT,MLN_USD,A,2011,12060.601,
MLT,GDP,TOT,MLN_USD,A,2012,12703.265,
MLT,GDP,TOT,MLN_USD,A,2013,13757.008,
MLT,GDP,TOT,MLN_USD,A,2014,14924.522,
MLT,GDP,TOT,MLN_USD,A,2015,16669.497,
MLT,GDP,TOT,MLN_USD,A,2016,18125.365,
MLT,GDP,TOT,MLN_USD,A,2017,19979.612,
MLT,GDP,TOT,MLN_USD,A,2018,21570.029,
MLT,GDP,TOT,MLN_USD,A,2019,23569.024,
MLT,GDP,TOT,MLN_USD,A,2020,22184.393,
PER,GDP,TOT,MLN_USD,A,2007,227418.352,
PER,GDP,TOT,MLN_USD,A,2008,253001.151,
PER,GDP,TOT,MLN_USD,A,2009,257723.487,
PER,GDP,TOT,MLN_USD,A,2010,282451.55,
PER,GDP,TOT,MLN_USD,A,2011,306596.257,
PER,GDP,TOT,MLN_USD,A,2012,317798.191,
PER,GDP,TOT,MLN_USD,A,2013,336436.393,P
PER,GDP,TOT,MLN_USD,A,2014,346784.744,P
ROU,GDP,TOT,MLN_USD,A,1995,122856.526,
ROU,GDP,TOT,MLN_USD,A,1996,129638.012,
ROU,GDP,TOT,MLN_USD,A,1997,125448.93,
ROU,GDP,TOT,MLN_USD,A,1998,124782.838,
ROU,GDP,TOT,MLN_USD,A,1999,125764.098,
ROU,GDP,TOT,MLN_USD,A,2000,131305.899,
ROU,GDP,TOT,MLN_USD,A,2001,144334.058,
ROU,GDP,TOT,MLN_USD,A,2002,155641.203,
ROU,GDP,TOT,MLN_USD,A,2003,162932.871,
ROU,GDP,TOT,MLN_USD,A,2004,192696.972,
ROU,GDP,TOT,MLN_USD,A,2005,204714.06,
ROU,GDP,TOT,MLN_USD,A,2006,244600.829,
ROU,GDP,TOT,MLN_USD,A,2007,285751.74,
ROU,GDP,TOT,MLN_USD,A,2008,344669.95,
ROU,GDP,TOT,MLN_USD,A,2009,338997.706,
ROU,GDP,TOT,MLN_USD,A,2010,343978.551,
ROU,GDP,TOT,MLN_USD,A,2011,360564.155,
ROU,GDP,TOT,MLN_USD,A,2012,378485.712,
ROU,GDP,TOT,MLN_USD,A,2013,395316.781,
ROU,GDP,TOT,MLN_USD,A,2014,411274.339,
ROU,GDP,TOT,MLN_USD,A,2015,428132.022,
ROU,GDP,TOT,MLN_USD,A,2016,478201.584,
ROU,GDP,TOT,MLN_USD,A,2017,531675.182,
ROU,GDP,TOT,MLN_USD,A,2018,569588.089,
ROU,GDP,TOT,MLN_USD,A,2019,625706.833,P
ROU,GDP,TOT,MLN_USD,A,2020,616109.657,P
MKD,GDP,TOT,MLN_USD,A,2000,12471.199,
MKD,GDP,TOT,MLN_USD,A,2001,12316.248,
MKD,GDP,TOT,MLN_USD,A,2002,12919.265,
MKD,GDP,TOT,MLN_USD,A,2003,13353.722,
MKD,GDP,TOT,MLN_USD,A,2004,14565.285,
MKD,GDP,TOT,MLN_USD,A,2005,15987.066,
MKD,GDP,TOT,MLN_USD,A,2006,17706.26,
MKD,GDP,TOT,MLN_USD,A,2007,19086.008,
MKD,GDP,TOT,MLN_USD,A,2008,21537.219,
MKD,GDP,TOT,MLN_USD,A,2009,22594.461,
MKD,GDP,TOT,MLN_USD,A,2010,23364.758,
MKD,GDP,TOT,MLN_USD,A,2011,24064.035,
MKD,GDP,TOT,MLN_USD,A,2012,24558.787,
MKD,GDP,TOT,MLN_USD,A,2013,26269.659,
MKD,GDP,TOT,MLN_USD,A,2014,27776.156,
MKD,GDP,TOT,MLN_USD,A,2015,28751.752,
MKD,GDP,TOT,MLN_USD,A,2016,31373.286,
MKD,GDP,TOT,MLN_USD,A,2017,32583.022,
MKD,GDP,TOT,MLN_USD,A,2018,34726.373,
MKD,GDP,TOT,MLN_USD,A,2019,36634.491,P
ZMB,GDP,TOT,MLN_USD,A,2006,28812.479,
ZMB,GDP,TOT,MLN_USD,A,2007,32057.694,
ZMB,GDP,TOT,MLN_USD,A,2008,35221.847,
ZMB,GDP,TOT,MLN_USD,A,2009,38762.674,
ZMB,GDP,TOT,MLN_USD,A,2010,43252.758,
ZMB,GDP,TOT,MLN_USD,A,2011,46613.602,
ZMB,GDP,TOT,MLN_USD,A,2012,49607.768,
ZMB,GDP,TOT,MLN_USD,A,2013,53493.8,
ZMB,GDP,TOT,MLN_USD,A,2014,54507.864,
ZMB,GDP,TOT,MLN_USD,A,2015,54481.786,
ZMB,GDP,TOT,MLN_USD,A,2016,55729.642,
ZMB,GDP,TOT,MLN_USD,A,2017,58735.191,
ZMB,GDP,TOT,MLN_USD,A,2018,63115.611,
HKG,GDP,TOT,MLN_USD,A,1990,104222.692,
HKG,GDP,TOT,MLN_USD,A,1991,113890.945,
HKG,GDP,TOT,MLN_USD,A,1992,123749.232,
HKG,GDP,TOT,MLN_USD,A,1993,134536.764,
HKG,GDP,TOT,MLN_USD,A,1994,145703.797,
HKG,GDP,TOT,MLN_USD,A,1995,152290.183,
HKG,GDP,TOT,MLN_USD,A,1996,161682.748,
HKG,GDP,TOT,MLN_USD,A,1997,172858.26,
HKG,GDP,TOT,MLN_USD,A,1998,164520.548,
HKG,GDP,TOT,MLN_USD,A,1999,171079.348,
HKG,GDP,TOT,MLN_USD,A,2000,188307.603,
HKG,GDP,TOT,MLN_USD,A,2001,193517.104,
HKG,GDP,TOT,MLN_USD,A,2002,199834.686,
HKG,GDP,TOT,MLN_USD,A,2003,209766.849,
HKG,GDP,TOT,MLN_USD,A,2004,234155.559,
HKG,GDP,TOT,MLN_USD,A,2005,259288.236,
HKG,GDP,TOT,MLN_USD,A,2006,285921.258,
HKG,GDP,TOT,MLN_USD,A,2007,312582.464,
HKG,GDP,TOT,MLN_USD,A,2008,325443.454,
HKG,GDP,TOT,MLN_USD,A,2009,319860.564,
HKG,GDP,TOT,MLN_USD,A,2010,345486.833,
HKG,GDP,TOT,MLN_USD,A,2011,369685.332,
HKG,GDP,TOT,MLN_USD,A,2012,373485.399,
HKG,GDP,TOT,MLN_USD,A,2013,385454.66,
HKG,GDP,TOT,MLN_USD,A,2014,395992.927,
HKG,GDP,TOT,MLN_USD,A,2015,411282.706,
HKG,GDP,TOT,MLN_USD,A,2016,419837.588,
HKG,GDP,TOT,MLN_USD,A,2017,442387.688,
HKG,GDP,TOT,MLN_USD,A,2018,466106.548,
MDG,GDP,TOT,MLN_USD,A,2007,30541.742,E
MDG,GDP,TOT,MLN_USD,A,2008,33333.025,E
MDG,GDP,TOT,MLN_USD,A,2009,32227.722,E
MDG,GDP,TOT,MLN_USD,A,2010,32809.07,E
MDG,GDP,TOT,MLN_USD,A,2011,34048.44,E
MDG,GDP,TOT,MLN_USD,A,2012,34699.876,E
MDG,GDP,TOT,MLN_USD,A,2013,35730.697,E
MDG,GDP,TOT,MLN_USD,A,2014,37125.674,E
MDG,GDP,TOT,MLN_USD,A,2015,37860.909,E
MDG,GDP,TOT,MLN_USD,A,2016,40437.411,E
MDG,GDP,TOT,MLN_USD,A,2017,40952.508,E
MDG,GDP,TOT,MLN_USD,A,2018,43476.259,E
MAR,GDP,TOT,MLN_USD,A,2007,174476.004,
MAR,GDP,TOT,MLN_USD,A,2008,188405.513,
MAR,GDP,TOT,MLN_USD,A,2009,197898.249,
MAR,GDP,TOT,MLN_USD,A,2010,207843.489,
MAR,GDP,TOT,MLN_USD,A,2011,223315.73,
MAR,GDP,TOT,MLN_USD,A,2012,225677.095,
MAR,GDP,TOT,MLN_USD,A,2013,235384.98,
MAR,GDP,TOT,MLN_USD,A,2014,233044.129,
MAR,GDP,TOT,MLN_USD,A,2015,247397.868,
MAR,GDP,TOT,MLN_USD,A,2016,252196.888,
MAR,GDP,TOT,MLN_USD,A,2017,264212.938,
MAR,GDP,TOT,MLN_USD,A,2018,279235.646,
SGP,GDP,TOT,MLN_USD,A,1990,72681.214,
SGP,GDP,TOT,MLN_USD,A,1991,80164.774,
SGP,GDP,TOT,MLN_USD,A,1992,87435.625,
SGP,GDP,TOT,MLN_USD,A,1993,99767.321,
SGP,GDP,TOT,MLN_USD,A,1994,113205.942,
SGP,GDP,TOT,MLN_USD,A,1995,123902.549,
SGP,GDP,TOT,MLN_USD,A,1996,135597.888,
SGP,GDP,TOT,MLN_USD,A,1997,149412.165,
SGP,GDP,TOT,MLN_USD,A,1998,147776.825,
SGP,GDP,TOT,MLN_USD,A,1999,158491.309,
SGP,GDP,TOT,MLN_USD,A,2000,176680.943,
SGP,GDP,TOT,MLN_USD,A,2001,178625.969,
SGP,GDP,TOT,MLN_USD,A,2002,188554.642,
SGP,GDP,TOT,MLN_USD,A,2003,200767.583,
SGP,GDP,TOT,MLN_USD,A,2004,226417.853,
SGP,GDP,TOT,MLN_USD,A,2005,250651.828,
SGP,GDP,TOT,MLN_USD,A,2006,281491.798,
SGP,GDP,TOT,MLN_USD,A,2007,315132.192,
SGP,GDP,TOT,MLN_USD,A,2008,327263.784,
SGP,GDP,TOT,MLN_USD,A,2009,330157.7,
SGP,GDP,TOT,MLN_USD,A,2010,382521.231,
SGP,GDP,TOT,MLN_USD,A,2011,414966.621,
SGP,GDP,TOT,MLN_USD,A,2012,435967.947,
SGP,GDP,TOT,MLN_USD,A,2013,448147.719,
SGP,GDP,TOT,MLN_USD,A,2014,461712.944,
SGP,GDP,TOT,MLN_USD,A,2015,481393.137,
SGP,GDP,TOT,MLN_USD,A,2016,501247.434,
SGP,GDP,TOT,MLN_USD,A,2017,532832.748,
SGP,GDP,TOT,MLN_USD,A,2018,571120.252,
EU27_2020,GDP,TOT,MLN_USD,A,1995,8816873.579,
EU27_2020,GDP,TOT,MLN_USD,A,1996,9232614.062,
EU27_2020,GDP,TOT,MLN_USD,A,1997,9485935.16,
EU27_2020,GDP,TOT,MLN_USD,A,1998,9891476.143,
EU27_2020,GDP,TOT,MLN_USD,A,1999,10336998.74,
EU27_2020,GDP,TOT,MLN_USD,A,2000,10946519.6,
EU27_2020,GDP,TOT,MLN_USD,A,2001,11464477.74,
EU27_2020,GDP,TOT,MLN_USD,A,2002,11877686.63,
EU27_2020,GDP,TOT,MLN_USD,A,2003,12195769.81,
EU27_2020,GDP,TOT,MLN_USD,A,2004,12752106.34,
EU27_2020,GDP,TOT,MLN_USD,A,2005,13298565.87,
EU27_2020,GDP,TOT,MLN_USD,A,2006,14065855.98,
EU27_2020,GDP,TOT,MLN_USD,A,2007,14937070.79,
EU27_2020,GDP,TOT,MLN_USD,A,2008,15417487.92,
EU27_2020,GDP,TOT,MLN_USD,A,2009,14724698.54,
EU27_2020,GDP,TOT,MLN_USD,A,2010,15270201.89,
EU27_2020,GDP,TOT,MLN_USD,A,2011,15749444.35,
EU27_2020,GDP,TOT,MLN_USD,A,2012,15842238.5,
EU27_2020,GDP,TOT,MLN_USD,A,2013,16021130.92,
EU27_2020,GDP,TOT,MLN_USD,A,2014,16389098.81,
EU27_2020,GDP,TOT,MLN_USD,A,2015,16987124.34,
EU27_2020,GDP,TOT,MLN_USD,A,2016,17459305.13,
EU27_2020,GDP,TOT,MLN_USD,A,2017,18180958.52,
EU27_2020,GDP,TOT,MLN_USD,A,2018,18805044.08,
EU27_2020,GDP,TOT,MLN_USD,A,2019,19431975.61,
EU27_2020,GDP,TOT,MLN_USD,A,2020,18523446.58,
