Country,Country Code,Gold,Silver,Bronze,Total,Year,Host_City,Host_Country,COU,Life Expectancy at Birth,Population,Distance From Games,GDP
Russian Federation,URS,80,69,46,195,1980,Moskow,RUS,RUS,67.2,138058710,0,0
United States of America,USA,83,61,30,174,1984,Los Angeles,USA,USA,74.7,235824902,2286.644968,4037613
Russian Federation,URS,55,31,46,132,1988,Seoul,KOR,RUS,69.6,146035578,5025.941222,0
Germany,GDR,47,37,42,126,1980,Moskow,RUS,DEU,72.9,78288576,1333.68983,0
Russian Federation,URS,49,41,35,125,1976,Montreal,CAN,RUS,67.6,134580091,6203.539526,0
United States of America,USA,46,37,38,121,2016,Rio de Janeiro,BRA,USA,78.7,323071342,4712.161285,18745075
United States of America,USA,36,39,37,112,2008,Beijing,CHN,USA,78.1,304093966,10549.84124,14712845
United States of America,USA,37,34,37,108,1992,Barcelona,ESP,USA,75.7,256514224,4324.97978,6520327
United States of America,USA,45,28,34,107,1968,Mexico City,MEX,USA,70.4,200706052,1869.600659,0
United States of America,USA,46,28,30,104,2012,London,GBR,USA,78.8,313874218,4276.178945,16197007
Germany,GDR,37,35,30,102,1988,Seoul,KOR,DEU,75.8,78144617,6269.358107,0
United States of America,USA,44,32,25,101,1996,Atlanta,USA,USA,76.1,269394284,585.3087828,8073122
United States of America,USA,36,39,26,101,2004,Athens,GRC,USA,77.6,292805298,5488.563128,12213730
China,CHN,48,22,30,100,2008,Beijing,CHN,,,,0,10033233.9
Russian Federation,URS,50,27,22,99,1972,Munich,GER,RUS,68.4,131514099,1494.716181,0
Russian Federation,URS,30,31,35,96,1964,Tokyo,JPN,RUS,67.7,125412625,5749.743872,0
United States of America,USA,33,31,30,94,1972,Munich,GER,USA,71.3,209896021,4870.776436,1279110
United States of America,USA,34,35,25,94,1976,Montreal,CAN,USA,73,218035164,393.7513086,1873412
United States of America,USA,36,31,27,94,1988,Seoul,KOR,USA,74.9,244498982,11113.64006,5236438
United States of America,USA,37,24,32,93,2000,Sydney,AUS,USA,76.7,282162411,13461.12519,10252347
China,CHN,38,31,22,91,2012,London,GBR,,,,6399.345926,15124539.5
Russian Federation,URS,29,32,30,91,1968,Mexico City,MEX,RUS,68,128836021,7858.834811,0
Russian Federation,RUS,28,26,36,90,2004,Athens,GRC,RUS,65.6,143821218,1447.592636,1582506.988
United States of America,USA,36,26,28,90,1964,Tokyo,JPN,USA,70.3,191888791,11833.78191,0
Germany,GDR,40,25,25,90,1976,Montreal,CAN,DEU,71.8,78336948,4872.216869,0
Russian Federation,RUS,32,28,29,89,2000,Sydney,AUS,RUS,65.6,146596873,8753.948266,1073593.408
Germany,GER,33,21,28,82,1992,Barcelona,ESP,DEU,76,80624601,965.7531077,0
China,CHN,26,18,26,70,2016,Rio de Janeiro,BRA,,,,9710.393207,18712097.15
Russian Federation,RUS,20,20,27,67,2012,London,GBR,RUS,70.2,143201721,2061.448482,3480301.72
England,GBR,27,23,17,67,2016,Rio de Janeiro,BRA,,,,0,2896753.121
Germany,GDR,20,23,23,66,1972,Munich,GER,DEU,71,78688450,301.1745652,0
England,GBR,29,17,19,65,2012,London,GBR,,,,0,2439691.339
Germany,GER,20,18,27,65,1996,Atlanta,USA,DEU,76.9,81914834,5482.642461,0
China,CHN,32,17,14,63,2004,Athens,GRC,,,,5065.428159,5736266.277
Russian Federation,RUS,26,21,16,63,1996,Atlanta,USA,RUS,66,148160121,6813.557769,877181.595
Russian Federation,RUS,24,13,23,60,2008,Beijing,CHN,RUS,68.1,141956413,4442.798842,3091455.591
Germany,FRG,17,19,23,59,1984,Los Angeles,USA,DEU,74.3,77858682,7288.952903,0
China,CHN,28,16,14,58,2000,Sydney,AUS,,,,5414.624777,3687630.036
Australia,AUS,16,25,17,58,2000,Sydney,AUS,AUS,79.3,19028802,149.5349657,537613.644
Russian Federation,RUS,19,17,20,56,2016,Rio de Janeiro,BRA,RUS,71.8,144342400,6968.657073,3538975.3
Germany,GER,13,17,26,56,2000,Sydney,AUS,DEU,78.2,82211501,9596.458151,0
China,CHN,16,22,16,54,1992,Barcelona,ESP,,,,6227.332336,1471840.436
Romania,ROU,20,16,17,53,1984,Los Angeles,USA,,71.68571429,22640545,7912.450468,0
England,GBR,19,13,19,51,2008,Beijing,CHN,,,,0,2264898.174
China,CHN,16,22,12,50,1996,Atlanta,USA,,,,10959.52333,2511946.979
Australia,AUS,17,16,17,50,2004,Athens,GRC,AUS,80.6,19932722,8495.174416,675038.955
Germany,GER,10,22,18,50,1964,Tokyo,JPN,DEU,70.6,75318338,6996.068785,0
Germany,GER,13,16,20,49,2004,Athens,GRC,DEU,79.2,82516268,1158.608736,0
Australia,AUS,14,15,17,46,2008,Beijing,CHN,AUS,81.5,21249199,5456.561157,851983.13
Canada,CAN,10,18,16,44,1984,Los Angeles,USA,CAN,76.2,25607053,2462.817034,390501.086
Germany,GER,11,20,13,44,2012,London,GBR,DEU,80.6,80425826,729.0707867,0
France,FRA,7,16,20,43,2008,Beijing,CHN,FRA,81.4,64133174,6254.959901,2259255.844
France,FRA,10,18,14,42,2016,Rio de Janeiro,BRA,FRA,82.7,66685530,5514.953898,2864105.631
Germany,GER,17,10,15,42,2016,Rio de Janeiro,BRA,DEU,81.1,82348669,6034.938596,0
Bulgaria,BUL,8,16,17,41,1980,Moskow,RUS,,70.64047619,8861535,1183.851472,0
Japan,JPN,12,8,21,41,2016,Rio de Janeiro,BRA,JPN,84.1,126932772,0,5158900.414
Australia,AUS,9,9,23,41,1996,Atlanta,USA,AUS,78.2,18224767,13601.02612,423181.512
Germany,GER,16,11,14,41,2008,Beijing,CHN,DEU,80.2,82110097,5689.498045,0
Germany,FRG,13,11,16,40,1972,Munich,GER,DEU,71,78688450,301.1745652,0
Germany,FRG,11,14,15,40,1988,Seoul,KOR,DEU,75.8,78144617,6269.358107,0
Germany,FRG,10,12,17,39,1976,Montreal,CAN,DEU,71.8,78336948,4872.216869,0
Japan,JPN,7,14,17,38,2012,London,GBR,JPN,83.2,127592657,0,4799612.88
France,FRA,13,14,11,38,2000,Sydney,AUS,FRA,79.2,60724780,9924.52168,1589936.939
Japan,JPN,16,9,12,37,2004,Athens,GRC,JPN,82.1,127687000,0,3940077.56
England,GBR,5,11,21,37,1984,Los Angeles,USA,,,,0,653312.635
France,FRA,15,7,15,37,1996,Atlanta,USA,FRA,78.3,59589289,4836.118307,1273114.085
Bulgaria,BUL,10,12,13,35,1988,Seoul,KOR,,72.83023256,8981446,5651.319682,0
Hungary,HUN,6,13,16,35,1972,Munich,GER,HUN,69.8,10398491,412.0573183,0
Australia,AUS,8,15,12,35,2012,London,GBR,AUS,82.1,22733465,10092.5908,997527.347
France,FRA,11,11,13,35,2012,London,GBR,FRA,82.1,65402998,232.4547227,2474005.287
Italy,ITA,13,10,12,35,1996,Atlanta,USA,ITA,78.6,56860279,5306.023586,1307915.738
Italy,ITA,13,8,13,34,2000,Sydney,AUS,ITA,79.9,56942108,9198.202937,1542231.344
Republic of Korea,KOR,12,10,11,33,1988,Seoul,KOR,,,,0,282304.362
France,FRA,11,9,13,33,2004,Athens,GRC,FRA,80.3,62490800,1383.900092,1820723.319
China,CHN,15,8,9,32,1984,Los Angeles,USA,,,,12806.04837,557434.947
Hungary,HUN,10,10,12,32,1968,Mexico City,MEX,HUN,69.3,10255807,6735.868911,0
Hungary,HUN,7,10,15,32,1980,Moskow,RUS,HUN,69.2,10711126,1146.897866,0
Japan,JPN,10,8,14,32,1984,Los Angeles,USA,JPN,77.4,120305000,0,1501037.357
Poland,POL,3,14,15,32,1980,Moskow,RUS,POL,70.2,35578019,921.6337616,0
Republic of Korea,KOR,13,11,8,32,2008,Beijing,CHN,,,,583.2324219,1468996.086
Italy,ITA,14,6,12,32,1984,Los Angeles,USA,ITA,75,56576719,7145.651673,730858.933
Italy,ITA,10,11,11,32,2004,Athens,GRC,ITA,80.9,57685327,668.2934621,1703460.096
Cuba,CUB,14,6,11,31,1992,Barcelona,ESP,,,,4777.760803,0
Cuba,CUB,3,10,17,30,2008,Beijing,CHN,,,,10893.17319,0
Hungary,HUN,11,12,7,30,1992,Barcelona,ESP,HUN,69.4,10369339,1007.55419,85416.346
Republic of Korea,KOR,9,12,9,30,2004,Athens,GRC,,,,5626.014846,1142611.13
Republic of Korea,KOR,13,9,8,30,2012,London,GBR,,,,6977.307506,1684562.928
England,GBR,9,9,12,30,2004,Athens,GRC,,,,0,1913771.614
Cuba,CUB,11,11,7,29,2000,Sydney,AUS,,,,13337.29637,0
Japan,JPN,16,5,8,29,1964,Tokyo,JPN,JPN,70.3,98110000,0,0
Japan,JPN,13,8,8,29,1972,Munich,GER,JPN,73.2,107595000,0,424630.55
Republic of Korea,KOR,12,5,12,29,1992,Barcelona,ESP,,,,6794.252899,445419.836
Australia,AUS,8,11,10,29,2016,Rio de Janeiro,BRA,AUS,82.5,24190907,10526.41725,1215297.461
France,FRA,8,5,16,29,1992,Barcelona,ESP,FRA,77.5,58711615,490.5927345,1113194.79
China,CHN,5,11,12,28,1988,Seoul,KOR,,,,583.2324219,955150.422
Republic of Korea,KOR,8,10,10,28,2000,Sydney,AUS,,,,5093.35796,871501.091
England,GBR,11,10,7,28,2000,Sydney,AUS,,,,0,1556000.788
France,FRA,5,7,16,28,1984,Los Angeles,USA,FRA,75.3,55026074,6651.180373,710063.913
Italy,ITA,8,9,11,28,2012,London,GBR,ITA,82.3,59539725,955.5483159,2172383.108
Italy,ITA,8,12,8,28,2016,Rio de Janeiro,BRA,ITA,83.3,60627494,5380.124554,2420672.141
Cuba,CUB,9,7,11,27,2004,Athens,GRC,,,,5856.225524,0
Republic of Korea,KOR,7,15,5,27,1996,Atlanta,USA,,,,11517.21381,668716.335
Australia,AUS,7,9,11,27,1992,Barcelona,ESP,AUS,77.5,17478635,9600.139656,333745.071
Italy,ITA,10,10,7,27,1964,Tokyo,JPN,,65.31290323,51675294,6965.601489,0
Italy,ITA,8,9,10,27,2008,Beijing,CHN,ITA,81.6,58826733,5675.147349,2089717.307
Romania,ROU,4,9,14,27,1976,Montreal,CAN,,69.4125,21551631,5551.830735,0
Poland,POL,7,6,13,26,1976,Montreal,CAN,POL,70.7,34362133,5292.530216,0
Romania,ROU,11,6,9,26,2000,Sydney,AUS,,75.2744186,22442973,8702.45026,131305.899
Germany,FRG,5,11,10,26,1968,Mexico City,MEX,DEU,70.5,77294310,6545.682423,0
Cuba,CUB,9,8,8,25,1996,Atlanta,USA,,,,745.7027539,0
Japan,JPN,11,7,7,25,1968,Mexico City,MEX,JPN,71.7,102287000,0,0
Japan,JPN,9,6,10,25,1976,Montreal,CAN,JPN,74.8,113094000,0,643714.092
Japan,JPN,9,8,8,25,2008,Beijing,CHN,JPN,82.7,128083960,0,4517267.524
Netherlands,NED,12,9,4,25,2000,Sydney,AUS,NLD,78.2,15925505,9971.22218,0
Romania,ROU,6,6,13,25,1980,Moskow,RUS,,70.64047619,22207284,986.0993251,0
Germany,GDR,9,9,7,25,1968,Mexico City,MEX,DEU,70.5,77294310,6545.682423,0
Australia,AUS,4,8,12,24,1984,Los Angeles,USA,AUS,75.8,15579391,15352.68274,211307.195
England,GBR,5,10,9,24,1988,Seoul,KOR,,,,0,873178.007
Romania,ROU,7,11,6,24,1988,Seoul,KOR,,72.83023256,23057660,5502.835655,0
Ukraine,UKR,9,2,12,23,1996,Atlanta,USA,,,,6364.271004,0
Ukraine,UKR,3,10,10,23,2000,Sydney,AUS,,,,8793.543374,0
Hungary,HUN,11,6,6,23,1988,Seoul,KOR,HUN,70.2,10596489,5907.045601,0
Poland,POL,7,6,10,23,1964,Tokyo,JPN,POL,68.7,31161200,6576.973455,0
Ukraine,UKR,8,5,9,22,2004,Athens,GRC,,,,953.4060461,0
Ukraine,UKR,7,4,11,22,2008,Beijing,CHN,,,,4749.510579,0
Spain,ESP,13,7,2,22,1992,Barcelona,ESP,ESP,77.6,39147940,316.7736503,580716.596
Bulgaria,BUL,6,9,7,22,1976,Montreal,CAN,,69.4125,8758599,5396.946733,0
Canada,CAN,3,11,8,22,1996,Atlanta,USA,CAN,78.1,29610218,933.6493084,711888.548
Canada,CAN,4,3,15,22,2016,Rio de Janeiro,BRA,CAN,82,36109487,5023.162376,1678093.396
Hungary,HUN,10,7,5,22,1964,Tokyo,JPN,HUN,69.5,10119834,6633.310595,0
Hungary,HUN,4,5,13,22,1976,Montreal,CAN,HUN,69.7,10598674,5167.728171,0
Japan,JPN,3,8,11,22,1992,Barcelona,ESP,JPN,79.2,124567000,0,2664920.015
Netherlands,NED,4,9,9,22,2004,Athens,GRC,NLD,79.2,16281777,1445.327934,0
Bulgaria,BUL,6,10,5,21,1972,Munich,GER,,67.98648649,8576200,746.1045184,0
Hungary,HUN,7,4,10,21,1996,Atlanta,USA,HUN,70.7,10311235,5724.574891,96196.504
Poland,POL,7,5,9,21,1972,Munich,GER,POL,70.7,33068000,583.3806667,0
Republic of Korea,KOR,9,3,9,21,2016,Rio de Janeiro,BRA,,,,10153.1711,2026967.822
England,GBR,5,7,9,21,1980,Moskow,RUS,,,,0,484057.29
Cuba,CUB,8,7,5,20,1980,Moskow,RUS,,,,6900.018534,0
Spain,ESP,3,11,6,20,2004,Athens,GRC,ESP,80.4,42859172,1480.791019,1121204.316
Canada,CAN,3,9,8,20,2008,Beijing,CHN,CAN,80.6,33247118,10469.8937,1342396.613
England,GBR,5,3,12,20,1992,Barcelona,ESP,,,,0,1021273.532
Netherlands,NED,6,6,8,20,2012,London,GBR,NLD,81.2,16754963,257.7032749,0
Romania,ROU,4,7,9,20,1996,Atlanta,USA,,74.35813953,22619005,6076.26716,129638.012
Ukraine,UKR,5,4,10,19,2012,London,GBR,,,,1657.632371,0
Spain,ESP,5,11,3,19,2008,Beijing,CHN,ESP,81.5,45983169,6533.068547,1528583.756
Poland,POL,3,6,10,19,1992,Barcelona,ESP,POL,71.1,38173500,1267.358097,237275.803
Republic of Korea,KOR,6,6,7,19,1984,Los Angeles,USA,,,,13364.69711,166844.324
Brazil,BRA,7,6,6,19,2016,Rio de Janeiro,BRA,BRA,75.3,205156587,566.3305179,2939094.21
Italy,ITA,6,5,8,19,1992,Barcelona,ESP,ITA,77.5,56797078,552.6489258,1141667.537
Netherlands,NED,4,5,10,19,1996,Atlanta,USA,NLD,77.6,15530500,5020.216004,0
Netherlands,NED,8,7,4,19,2016,Rio de Janeiro,BRA,NLD,81.6,17030314,5802.288098,0
Romania,ROU,8,5,6,19,2004,Athens,GRC,,76.17045455,21451845,483.5920645,192696.972
Sweden,SWE,2,11,6,19,1984,Los Angeles,USA,SWE,77,8336595,7640.034601,125968.558
Azerbaijan,AZE,1,7,10,18,2016,Rio de Janeiro,BRA,,,,6682.150324,0
Kazakhstan,KAZ,3,5,10,18,2016,Rio de Janeiro,BRA,,,,8071.032013,0
Yugoslavia,YUG,7,4,7,18,1984,Los Angeles,USA,,,,7602.37736,0
Spain,ESP,4,10,4,18,2012,London,GBR,ESP,82.5,46766403,788.7473852,1483646.902
Canada,CAN,7,4,7,18,1992,Barcelona,ESP,CAN,77.7,28371264,4244.864848,584998.762
Canada,CAN,2,5,11,18,2012,London,GBR,CAN,81.5,34714222,4136.60053,1468094.965
Hungary,HUN,8,4,6,18,2012,London,GBR,HUN,75.2,9920364,1080.010402,230214.451
Japan,JPN,5,8,5,18,2000,Sydney,AUS,JPN,81.2,126925843,0,3460607.15
New Zealand,NZL,4,9,5,18,2016,Rio de Janeiro,BRA,NZL,81.7,4693200,11946.09641,188355.645
Poland,POL,5,2,11,18,1968,Mexico City,MEX,POL,70.3,32304800,6939.959522,0
Australia,AUS,6,2,10,18,1964,Tokyo,JPN,AUS,70.7,11121600,4913.860856,32694.467
England,GBR,4,12,2,18,1964,Tokyo,JPN,,,,0,138405.51
England,GBR,4,5,9,18,1972,Munich,GER,,,,0,238046.267
Italy,ITA,5,3,10,18,1972,Munich,GER,,67.98648649,54381345,457.0470028,225680.458
Romania,ROU,4,6,8,18,1992,Barcelona,ESP,,73.53023256,22794284,1321.603461,0
Belarus,BLR,3,3,11,17,2000,Sydney,AUS,,,,9062.64947,0
Spain,ESP,5,6,6,17,1996,Atlanta,USA,ESP,78.3,39884246,4442.023961,675655.944
Spain,ESP,7,4,6,17,2016,Rio de Janeiro,BRA,ESP,83.4,46449874,4867.835698,1733213.64
Hungary,HUN,8,6,3,17,2000,Sydney,AUS,HUN,71.9,10210965,9134.012281,121085.109
Hungary,HUN,8,6,3,17,2004,Athens,GRC,HUN,73,10107140,711.9441677,164041.614
Poland,POL,7,5,5,17,1996,Atlanta,USA,POL,72.4,38289000,5892.391824,318949.455
Australia,AUS,5,7,5,17,1968,Mexico City,MEX,AUS,70.9,12008635,14055.77408,46488.435
Australia,AUS,8,7,2,17,1972,Munich,GER,AUS,72,13303664,9451.196419,69667.086
Brazil,BRA,3,4,10,17,2008,Beijing,CHN,BRA,73,191010274,9713.367679,2556454.782
Brazil,BRA,3,5,9,17,2012,London,GBR,BRA,74.2,198314934,5290.56266,2998534.425
Greece,GRE,6,6,4,16,2004,Athens,GRC,GRC,79.4,10955142,0,0
Kenya,KEN,6,4,6,16,2008,Beijing,CHN,,,,5180.772477,0
Bulgaria,BUL,3,7,6,16,1992,Barcelona,ESP,,73.53023256,8540164,1150.565063,0
Poland,POL,2,5,9,16,1988,Seoul,KOR,POL,71.5,37862063,5850.361181,0
France,FRA,6,4,6,16,1988,Seoul,KOR,FRA,76.6,56117974,6830.559027,885681.871
Italy,ITA,3,4,9,16,1968,Mexico City,MEX,,66.66363636,53235691,6274.19585,0
Netherlands,NED,7,5,4,16,2008,Beijing,CHN,NLD,80.5,16445590,6159.095349,0
Romania,ROU,3,6,7,16,1972,Munich,GER,,67.98648649,20657956,836.5549451,0
Sweden,SWE,4,6,6,16,1972,Munich,GER,SWE,74.8,8122154,840.4798442,44547.788
Belarus,BLR,1,6,8,15,1996,Atlanta,USA,,,,6248.983632,0
Cuba,CUB,5,3,7,15,2012,London,GBR,,,,4892.460575,0
Bulgaria,BUL,3,7,5,15,1996,Atlanta,USA,,74.35813953,8362826,5905.006345,0
Hungary,HUN,8,3,4,15,2016,Rio de Janeiro,BRA,HUN,76.2,9814026,5916.371169,273925.72
Brazil,BRA,3,3,9,15,1996,Atlanta,USA,BRA,68.8,163767821,3947.154167,1364355.991
Denmark,DEN,2,6,7,15,2016,Rio de Janeiro,BRA,DNK,80.9,5724456,6195.975155,0
England,GBR,1,8,6,15,1996,Atlanta,USA,,,,0,1269581.66
France,FRA,1,8,6,15,1964,Tokyo,JPN,FRA,71.4,48310410,7556.722473,113249.46
France,FRA,7,3,5,15,1968,Mexico City,MEX,FRA,71.5,49915403,5888.888745,157794.703
Italy,ITA,8,3,4,15,1980,Moskow,RUS,ITA,74,56433876,1671.339599,552301.133
Netherlands,NED,2,6,7,15,1992,Barcelona,ESP,NLD,77.4,15184163,759.0711687,0
Romania,ROU,4,6,5,15,1968,Mexico City,MEX,,66.66363636,19799831,7051.390932,0
Belarus,BLR,3,4,7,14,2008,Beijing,CHN,,,,4948.72656,0
Czechoslovakia,TCH,5,6,3,14,1964,Tokyo,JPN,,,,0,0
Czechoslovakia,TCH,2,3,9,14,1980,Moskow,RUS,,,,0,0
Canada,CAN,3,3,8,14,2000,Sydney,AUS,CAN,79,30685730,13525.33305,901029.605
Japan,JPN,4,3,7,14,1988,Seoul,KOR,JPN,78.4,122745000,0,2037908.958
Japan,JPN,3,6,5,14,1996,Atlanta,USA,JPN,80.3,125864000,0,3140144.839
Poland,POL,6,5,3,14,2000,Sydney,AUS,POL,73.8,38258478,9260.500138,408478.391
Australia,AUS,3,6,5,14,1988,Seoul,KOR,AUS,76.3,16532164,5148.457275,282358.294
France,FRA,6,5,3,14,1980,Moskow,RUS,FRA,74.3,53880012,1978.195758,532935.642
Italy,ITA,6,4,4,14,1988,Seoul,KOR,ITA,76.5,56629290,6242.692758,927681.412
Belarus,BLR,2,5,6,13,2004,Athens,GRC,,,,1119.665581,0
Uzbekistan,UZB,4,2,7,13,2016,Rio de Janeiro,BRA,,,,7559.38737,0
Czechoslovakia,TCH,7,2,4,13,1968,Mexico City,MEX,,,,0,0
Cuba,CUB,6,4,3,13,1976,Montreal,CAN,,,,1589.019027,0
Greece,GRE,4,6,3,13,2000,Sydney,AUS,GRC,78.6,10805806,8541.551997,0
Iran (Islamic Republic of),IRI,7,5,1,13,2012,London,GBR,,,,3011.220363,0
Kenya,KEN,2,4,7,13,2012,London,GBR,,,,4137.111253,0
Kenya,KEN,6,6,1,13,2016,Rio de Janeiro,BRA,,,,4600.32871,0
Bulgaria,BUL,5,6,2,13,2000,Sydney,AUS,,75.2744186,8170172,8751.145986,0
New Zealand,NZL,3,2,8,13,1988,Seoul,KOR,NZL,74.8,3343680,6014.854576,45948.52
New Zealand,NZL,6,2,5,13,2012,London,GBR,NZL,81.2,4408100,11467.58087,145417.047
England,GBR,5,5,3,13,1968,Mexico City,MEX,,,,0,180450.377
England,GBR,3,5,5,13,1976,Montreal,CAN,,,,0,332293.854
France,FRA,2,4,7,13,1972,Munich,GER,FRA,72.4,51700913,512.7500361,230914.012
Italy,ITA,2,7,4,13,1976,Montreal,CAN,ITA,72.8,55718266,4804.931403,354559.402
Netherlands,NED,5,2,6,13,1984,Los Angeles,USA,NLD,76.4,14424211,6820.142453,0
Yugoslavia,YUG,3,4,5,12,1988,Seoul,KOR,,,,5815.896323,0
Bulgaria,BUL,2,1,9,12,2004,Athens,GRC,,76.17045455,7716860,336.3297301,0
Canada,CAN,3,6,3,12,2004,Athens,GRC,CAN,79.8,31940655,5424.860063,1083146.524
Jamaica,JAM,4,5,3,12,2012,London,GBR,,,,4766.776959,0
Brazil,BRA,0,6,6,12,2000,Sydney,AUS,BRA,70.2,173765726,10926.30828,1583737.988
Finland,FIN,4,2,6,12,1984,Los Angeles,USA,FIN,74.8,4881806,8027.166633,61133.087
Romania,ROU,2,4,6,12,1964,Tokyo,JPN,,65.31290323,19207135,6228.097396,0
Sweden,SWE,3,3,6,12,1980,Moskow,RUS,SWE,75.9,8310477,1086.142946,93187.363
Sweden,SWE,1,7,4,12,1992,Barcelona,ESP,SWE,78.2,8668065,1503.346409,180173.615
Sweden,SWE,4,5,3,12,2000,Sydney,AUS,SWE,79.7,8872112,9701.36456,262890.9
Czech Republic,CZE,4,3,4,11,1996,Atlanta,USA,CZE,74,10315353,5500.322491,151155.623
Czech Republic,CZE,4,3,4,11,2012,London,GBR,CZE,78.2,10509286,784.3676487,307490.199
Kazakhstan,KAZ,3,4,4,11,1996,Atlanta,USA,,,,8584.557448,0
Kazakhstan,KAZ,3,1,7,11,2012,London,GBR,,,,3895.751307,0
Ukraine,UKR,2,5,4,11,2016,Rio de Janeiro,BRA,,,,6449.854166,0
Cuba,CUB,5,2,4,11,2016,Rio de Janeiro,BRA,,,,3823.071369,0
Spain,ESP,3,3,5,11,2000,Sydney,AUS,ESP,79.3,40554387,9872.403926,876008.108
Canada,CAN,0,5,6,11,1976,Montreal,CAN,CAN,73.9,23449808,17.85869536,187951.588
Jamaica,JAM,5,4,2,11,2008,Beijing,CHN,,,,10625.97286,0
Jamaica,JAM,6,3,2,11,2016,Rio de Janeiro,BRA,,,,3358.553399,0
New Zealand,NZL,8,1,2,11,1984,Los Angeles,USA,NZL,73.8,3278850,16800.39824,40034.179
Poland,POL,4,5,2,11,2008,Beijing,CHN,POL,75.7,38115909,5269.89858,697829.214
Poland,POL,3,2,6,11,2012,London,GBR,POL,76.9,38533789,1150.557363,903836.561
Poland,POL,2,3,6,11,2016,Rio de Janeiro,BRA,POL,78,38426809,6251.798635,1075392.661
Sweden,SWE,0,4,7,11,1988,Seoul,KOR,SWE,77.1,8436483,6112.028674,156394.93
Sweden,SWE,2,6,3,11,2016,Rio de Janeiro,BRA,SWE,82.4,9923085,6577.588157,500423.665
Belarus,BLR,2,5,3,10,2012,London,GBR,,,,1500.729049,0
Czech Republic,CZE,1,2,7,10,2016,Rio de Janeiro,BRA,CZE,79.1,10565284,5929.78558,381420.335
Croatia,CRO,5,3,2,10,2016,Rio de Janeiro,BRA,,79.21363636,4174349,5707.083121,0
South Africa,RSA,2,6,2,10,2016,Rio de Janeiro,BRA,ZAF,63.2,55946872,3896.346639,0
Norway,NOR,4,3,3,10,2000,Sydney,AUS,NOR,78.8,4490973,10030.82783,165952.701
Turkey,TUR,3,3,4,10,2004,Athens,GRC,TUR,72.7,67598736,514.4316727,735155.229
Bulgaria,BUL,3,5,2,10,1964,Tokyo,JPN,,65.31290323,8144340,6375.306752,0
Canada,CAN,3,2,5,10,1988,Seoul,KOR,CAN,76.8,26791747,11038.50466,506833.394
Hungary,HUN,3,5,2,10,2008,Beijing,CHN,HUN,74.2,10038186,5331.207495,207757.652
New Zealand,NZL,1,4,5,10,1992,Barcelona,ESP,NZL,76.1,3531700,10995.36704,52664.59
Poland,POL,3,2,5,10,2004,Athens,GRC,POL,74.9,38180249,1012.895054,509450.66
Brazil,BRA,5,2,3,10,2004,Athens,GRC,BRA,71.6,182865043,5332.087331,1922011.09
Netherlands,NED,2,4,4,10,1964,Tokyo,JPN,NLD,73.8,12127116,7464.868875,0
Azerbaijan,AZE,2,2,5,9,2012,London,GBR,,,,2814.342634,0
Belarus,BLR,1,4,4,9,2016,Rio de Janeiro,BRA,,,,6528.100653,0
Czech Republic,CZE,1,3,5,9,2004,Athens,GRC,CZE,75.8,10206923,997.4287297,213269.646
Kazakhstan,KAZ,2,3,4,9,2008,Beijing,CHN,,,,2577.824213,0
Yugoslavia,YUG,2,3,4,9,1980,Moskow,RUS,,,,1195.987059,0
Colombia,COL,1,3,5,9,2012,London,GBR,COL,74.8,46581823,5179.650627,548251.361
North Korea,PRK,4,0,5,9,1992,Barcelona,ESP,,,,6724.770867,0
Kenya,KEN,3,4,2,9,1968,Mexico City,MEX,,,,7534.91925,0
Kenya,KEN,2,3,4,9,1972,Munich,GER,,,,3663.960524,0
Kenya,KEN,5,2,2,9,1988,Seoul,KOR,,,,5586.393433,0
Norway,NOR,3,5,1,9,2008,Beijing,CHN,NOR,80.8,4768215,5936.572968,294277.831
Bulgaria,BUL,2,4,3,9,1968,Mexico City,MEX,,66.66363636,8369603,6867.582742,0
Jamaica,JAM,0,6,3,9,2000,Sydney,AUS,,,,12937.85528,0
New Zealand,NZL,3,2,4,9,2008,Beijing,CHN,NZL,80.5,4259800,6413.627205,127057.687
Australia,AUS,2,2,5,9,1980,Moskow,RUS,AUS,74.6,14695356,8731.68456,154714.29
Denmark,DEN,2,4,3,9,2012,London,GBR,DNK,80.1,5587085,731.9401851,0
France,FRA,2,3,4,9,1976,Montreal,CAN,FRA,73.2,52908675,4251.284526,350844.298
Mexico,MEX,3,3,3,9,1968,Mexico City,MEX,MEX,61.3,47720198,0,0
Netherlands,NED,2,2,5,9,1988,Seoul,KOR,NLD,77.1,14760092,6738.124602,0
Romania,ROU,4,1,4,9,2008,Beijing,CHN,,77.23409091,20537848,4930.228611,344669.95
Switzerland,SUI,1,6,2,9,2000,Sydney,AUS,CHE,79.9,7184250,9621.005369,0
Serbia,SRB,2,4,2,8,2016,Rio de Janeiro,BRA,,,,0,0
Czech Republic,CZE,2,3,3,8,2000,Sydney,AUS,CZE,75.1,10272503,9459.116375,166568.303
Kazakhstan,KAZ,1,4,3,8,2004,Athens,GRC,,,,2773.651643,0
Czechoslovakia,TCH,2,4,2,8,1972,Munich,GER,,,,0,0
Czechoslovakia,TCH,2,2,4,8,1976,Montreal,CAN,,,,0,0
Czechoslovakia,TCH,3,3,2,8,1988,Seoul,KOR,,,,0,0
Yugoslavia,YUG,3,3,2,8,1968,Mexico City,MEX,,,,6752.614778,0
Yugoslavia,YUG,2,3,3,8,1976,Montreal,CAN,,,,5238.77842,0
Colombia,COL,3,2,3,8,2016,Rio de Janeiro,BRA,COL,75.8,48747708,2523.667877,665398.39
Thailand,THA,3,1,4,8,2004,Athens,GRC,,,,4513.761544,0
Ethiopia,ETH,4,1,3,8,2000,Sydney,AUS,,,,6832.509437,0
Ethiopia,ETH,3,2,3,8,2012,London,GBR,,,,3598.175808,0
Ethiopia,ETH,1,2,5,8,2016,Rio de Janeiro,BRA,,,,4969.84163,0
Cuba,CUB,3,1,4,8,1972,Munich,GER,,,,5405.504836,0
Greece,GRE,4,4,0,8,1996,Atlanta,USA,GRC,78,10608801,5894.536993,0
Iran (Islamic Republic of),IRI,3,1,4,8,2016,Rio de Janeiro,BRA,,,,6543.354447,0
Kenya,KEN,2,4,2,8,1992,Barcelona,ESP,,,,3483.27501,0
Kenya,KEN,1,4,3,8,1996,Atlanta,USA,,,,7025.59752,0
Turkey,TUR,1,3,4,8,2016,Rio de Janeiro,BRA,TUR,78,79277971,5972.752883,2116398.303
Brazil,BRA,1,5,2,8,1984,Los Angeles,USA,BRA,64.1,133238189,5154.81836,0
Denmark,DEN,1,4,3,8,1968,Mexico City,MEX,DNK,73,4864879,6577.621265,0
Denmark,DEN,2,1,5,8,2004,Athens,GRC,DNK,77.8,5401177,1371.93215,0
Finland,FIN,3,1,4,8,1972,Munich,GER,FIN,70.7,4639656,1107.26077,18790.37
Finland,FIN,3,1,4,8,1980,Moskow,RUS,FIN,73.6,4779537,746.7650967,43930.08
Mexico,MEX,1,3,4,8,2012,London,GBR,MEX,75,116935670,5845.682904,2012767.781
Sweden,SWE,2,2,4,8,1964,Tokyo,JPN,SWE,73.8,7661351,6835.886355,24401.202
Sweden,SWE,2,4,2,8,1996,Atlanta,USA,SWE,79.2,8840999,5861.369457,211081.101
Sweden,SWE,1,4,3,8,2012,London,GBR,SWE,81.8,9519378,1125.672413,432488.303
Switzerland,SUI,0,4,4,8,1984,Los Angeles,USA,CHE,76.9,6441865,6907.624089,0
Czech Republic,CZE,3,3,1,7,2008,Beijing,CHN,CZE,77.3,10429692,5615.044697,290503.947
Georgia,GEO,3,2,2,7,2008,Beijing,CHN,,,,3916.968587,0
Georgia,GEO,2,1,4,7,2016,Rio de Janeiro,BRA,,,,6528.559336,0
Kazakhstan,KAZ,3,4,0,7,2000,Sydney,AUS,,,,7308.24655,0
Czechoslovakia,TCH,4,2,1,7,1992,Barcelona,ESP,,,,0,0
North Korea,PRK,2,3,2,7,2016,Rio de Janeiro,BRA,,,,10144.60384,0
Ethiopia,ETH,2,3,2,7,2004,Athens,GRC,,,,2133.215973,0
Ethiopia,ETH,4,2,1,7,2008,Beijing,CHN,,,,4740.553289,0
Austria,AUT,2,4,1,7,2004,Athens,GRC,AUT,79.3,8169441,827.7513878,275769.77
Kenya,KEN,2,3,2,7,2000,Sydney,AUS,,,,6658.214324,0
Kenya,KEN,1,4,2,7,2004,Athens,GRC,,,,2766.641737,0
Norway,NOR,2,4,1,7,1992,Barcelona,ESP,NOR,77.4,4286397,1332.100898,88185.988
Norway,NOR,2,2,3,7,1996,Atlanta,USA,NOR,78.3,4381339,5475.721879,117243.382
Denmark,DEN,2,2,3,7,2008,Beijing,CHN,DNK,78.8,5489022,5775.38342,0
Netherlands,NED,3,3,1,7,1968,Mexico City,MEX,NLD,73.7,12729717,6100.454387,0
Romania,ROU,2,4,1,7,2012,London,GBR,,78.30454545,20060182,1509.274895,378485.712
Sweden,SWE,4,2,1,7,2004,Athens,GRC,SWE,80.6,8993533,1520.955875,304256.148
Switzerland,SUI,4,3,0,7,1996,Atlanta,USA,CHE,79.1,7071851,5082.748138,0
Switzerland,SUI,2,1,4,7,2008,Beijing,CHN,CHE,82.2,7647676,5966.725534,0
Switzerland,SUI,3,2,2,7,2016,Rio de Janeiro,BRA,CHE,83.7,8373334,5529.126736,0
Azerbaijan,AZE,1,1,4,6,2008,Beijing,CHN,,,,3638.902247,0
Georgia,GEO,0,0,6,6,2000,Sydney,AUS,,,,7806.525428,0
Georgia,GEO,1,2,3,6,2012,London,GBR,,,,2527.087975,0
Slovakia,SVK,2,2,2,6,2004,Athens,GRC,,,,805.3749423,81732.325
Slovakia,SVK,3,3,0,6,2008,Beijing,CHN,,,,5444.554674,127626.827
Croatia,CRO,3,1,2,6,2012,London,GBR,,78.30454545,4269063,944.3405011,0
South Africa,RSA,1,3,2,6,2004,Athens,GRC,ZAF,53.5,46741256,4355.817524,0
South Africa,RSA,4,1,1,6,2012,London,GBR,ZAF,60.1,52409724,5517.89968,0
Indonesia,INA,1,3,2,6,2000,Sydney,AUS,IDN,65.8,211540429,3108.08264,0
Indonesia,INA,1,1,4,6,2008,Beijing,CHN,IDN,68.5,236159276,3194.294807,0
Ireland,IRL,1,1,4,6,2012,London,GBR,IRL,80.9,4593697,356.6840144,213240.963
Nigeria,NGR,2,1,3,6,1996,Atlanta,USA,,,,5289.456754,0
North Korea,PRK,2,2,2,6,2008,Beijing,CHN,,,,497.8727621,0
North Korea,PRK,4,0,2,6,2012,London,GBR,,,,6896.2761,0
India,IND,0,2,4,6,2012,London,GBR,IND,67.6,1263065852,4502.711561,6153155.414
Thailand,THA,2,2,2,6,2008,Beijing,CHN,,,,1999.226818,0
Thailand,THA,2,2,2,6,2016,Rio de Janeiro,BRA,,,,8225.412151,0
Argentina,ARG,2,0,4,6,2004,Athens,GRC,,76.17045455,38325927,6837.56043,470169.433
Argentina,ARG,2,0,4,6,2008,Beijing,CHN,,77.23409091,39940234,10951.96318,697557.859
Greece,GRE,3,1,2,6,2016,Rio de Janeiro,BRA,GRC,81.5,10775971,5536.760728,0
Iran (Islamic Republic of),IRI,2,2,2,6,2004,Athens,GRC,,,,1527.219054,0
Norway,NOR,5,0,1,6,2004,Athens,GRC,NOR,80.1,4591909,1674.107286,195223.614
Spain,ESP,1,3,2,6,1980,Moskow,RUS,ESP,75.4,37526911,2462.222497,263827.978
Turkey,TUR,2,3,1,6,1964,Tokyo,JPN,TUR,51,30391000,5854.362249,0
Turkey,TUR,2,2,2,6,1992,Barcelona,ESP,TUR,68.2,56986000,1662.950453,515680.562
Turkey,TUR,4,1,1,6,1996,Atlanta,USA,TUR,69.7,60671000,6396.995306,655568.734
Jamaica,JAM,1,3,2,6,1996,Atlanta,USA,,,,1169.020544,0
New Zealand,NZL,3,2,1,6,1996,Atlanta,USA,NZL,77.1,3732000,15046.35597,68906.83
Republic of Korea,KOR,1,1,4,6,1976,Montreal,CAN,,,,11047.48495,51197.085
Belgium,BEL,0,3,3,6,1976,Montreal,CAN,BEL,72.2,9818228,4369.683402,68068.838
Belgium,BEL,2,2,2,6,1996,Atlanta,USA,BEL,77.3,10156641,4973.865723,230441.688
Belgium,BEL,2,2,2,6,2016,Rio de Janeiro,BRA,BEL,81.5,11295003,5688.273316,550677.566
Brazil,BRA,1,2,3,6,1988,Seoul,KOR,BRA,65.7,143851505,10177.04931,0
Denmark,DEN,2,1,3,6,1964,Tokyo,JPN,,65.31290323,4722074,7083.182967,0
Denmark,DEN,0,3,3,6,1984,Los Angeles,USA,DNK,74.8,5111619,7280.410025,0
Denmark,DEN,1,1,4,6,1992,Barcelona,ESP,DNK,75.3,5171370,1115.420174,0
Denmark,DEN,4,1,1,6,1996,Atlanta,USA,DNK,75.7,5261503,5488.84764,0
Denmark,DEN,2,3,1,6,2000,Sydney,AUS,DNK,76.9,5337344,9769.383098,0
Finland,FIN,4,2,0,6,1976,Montreal,CAN,FIN,72,4725665,5585.00046,28098.137
Mexico,MEX,2,3,1,6,1984,Los Angeles,USA,MEX,69.1,74359027,1463.565709,465959.073
Mexico,MEX,1,2,3,6,2000,Sydney,AUS,MEX,74.7,98785275,14148.98813,1096780.846
Armenia,ARM,0,1,4,5,2008,Beijing,CHN,,,,3925.377452,0
Egypt,EGY,1,1,3,5,2004,Athens,GRC,,,,669.8243057,0
Malaysia,MAS,0,4,1,5,2016,Rio de Janeiro,BRA,,,,8094.82091,0
Azerbaijan,AZE,1,0,4,5,2004,Athens,GRC,,,,1437.275639,0
Slovakia,SVK,1,3,1,5,2000,Sydney,AUS,,,,9253.71086,61331.765
Uzbekistan,UZB,2,1,2,5,2004,Athens,GRC,,,,2504.431063,0
Algeria,ALG,1,1,3,5,2000,Sydney,AUS,,,,9430.625168,0
Croatia,CRO,1,2,2,5,2004,Athens,GRC,,76.17045455,4308296,695.52407,0
Croatia,CRO,0,2,3,5,2008,Beijing,CHN,,77.23409091,4310884,5509.170636,0
Lithuania,LTU,2,0,3,5,2000,Sydney,AUS,LTU,72.1,3499534,9188.192856,29569.579
Lithuania,LTU,0,3,2,5,2008,Beijing,CHN,LTU,71.8,3198234,5073.410437,66270.653
Lithuania,LTU,2,0,3,5,2012,London,GBR,LTU,74,2987773,1393.769299,73809.042
Slovenia,SLO,1,2,2,5,2008,Beijing,CHN,SVN,79.1,2022629,5580.099681,0
South Africa,RSA,3,1,1,5,1996,Atlanta,USA,ZAF,60.7,42898520,7376.785794,0
South Africa,RSA,0,2,3,5,2000,Sydney,AUS,ZAF,56.2,45728315,6745.83847,0
Yugoslavia,YUG,2,1,2,5,1964,Tokyo,JPN,,,,6541.060663,0
Yugoslavia,YUG,2,1,2,5,1972,Munich,GER,,,,541.6807085,0
Indonesia,INA,2,2,1,5,1992,Barcelona,ESP,IDN,63.1,187766086,6566.579415,0
Chinese Taipei,TPE,0,1,4,5,2000,Sydney,AUS,,,,0,0
Chinese Taipei,TPE,2,2,1,5,2004,Athens,GRC,,,,0,0
Morocco,MAR,0,1,4,5,2000,Sydney,AUS,,,,0,0
Nigeria,NGR,0,3,2,5,2008,Beijing,CHN,,,,6306.356951,0
North Korea,PRK,1,1,3,5,1972,Munich,GER,,,,6240.433449,0
North Korea,PRK,0,3,2,5,1980,Moskow,RUS,,,,4932.966251,0
North Korea,PRK,2,1,2,5,1996,Atlanta,USA,,,,11455.00145,0
North Korea,PRK,0,4,1,5,2004,Athens,GRC,,,,5561.440052,0
Mongolia,MGL,0,2,3,5,2012,London,GBR,,,,0,0
Iran (Islamic Republic of),IRI,2,1,2,5,1968,Mexico City,MEX,,,,8287.941294,0
Norway,NOR,2,3,0,5,1988,Seoul,KOR,NOR,76.4,4209489,6519.505523,70349.952
Spain,ESP,1,2,2,5,1984,Los Angeles,USA,ESP,76.4,38325244,6282.117102,345784.114
Turkey,TUR,3,0,2,5,2000,Sydney,AUS,TUR,71.1,64268751,8225.602013,609198.924
Turkey,TUR,1,1,3,5,2008,Beijing,CHN,TUR,73.9,71051689,4567.836208,1139548.435
Bulgaria,BUL,1,1,3,5,2008,Beijing,CHN,,77.23409091,7492561,5081.741124,0
Canada,CAN,1,3,1,5,1968,Mexico City,MEX,,66.66363636,21129417,2215.276999,80115.42
Canada,CAN,0,2,3,5,1972,Munich,GER,,67.98648649,22218463,4754.326022,119639.463
Jamaica,JAM,2,1,2,5,2004,Athens,GRC,,,,5622.544845,0
New Zealand,NZL,3,0,2,5,1964,Tokyo,JPN,NZL,71.2,2591965,5633.175948,0
New Zealand,NZL,3,2,0,5,2004,Athens,GRC,NZL,79.6,4087500,9872.18615,102514.645
Australia,AUS,0,1,4,5,1976,Montreal,CAN,AUS,72.8,14033083,13465.23217,104079.405
Belgium,BEL,0,2,3,5,2000,Sydney,AUS,BEL,77.8,10251247,9915.550018,284950.464
Denmark,DEN,2,1,2,5,1980,Moskow,RUS,DNK,74.3,5123027,1365.548789,0
Finland,FIN,3,0,2,5,1964,Tokyo,JPN,,65.31290323,4548545,6482.014653,0
Finland,FIN,1,2,2,5,1992,Barcelona,ESP,FIN,75.7,5041990,1798.184727,86867.373
Mexico,MEX,0,3,2,5,2016,Rio de Janeiro,BRA,MEX,74.8,122715165,4215.212132,2383253.082
Netherlands,NED,3,1,1,5,1972,Munich,GER,NLD,73.8,13328595,476.857991,0
Netherlands,NED,0,2,3,5,1976,Montreal,CAN,NLD,74.7,13774037,4398.587044,0
Sweden,SWE,4,1,0,5,1976,Montreal,CAN,SWE,75.1,8222309,5197.250774,65651.664
Sweden,SWE,0,4,1,5,2008,Beijing,CHN,SWE,81.3,9219639,5528.906607,388684.19
Switzerland,SUI,0,1,4,5,1968,Mexico City,MEX,CHE,72.7,6067714,6107.655201,0
Switzerland,SUI,1,1,3,5,2004,Athens,GRC,CHE,81.2,7389626,1079.457978,0
Serbia,SRB,1,1,2,4,2012,London,GBR,,,,0,0
Serbia and Montenegro,SCG,1,1,2,4,1996,Atlanta,USA,,,,0,0
Zimbabwe,ZIM,1,3,0,4,2008,Beijing,CHN,,,,6089.9784,0
Armenia,ARM,1,3,0,4,2016,Rio de Janeiro,BRA,,,,6458.829748,0
Egypt,EGY,0,3,1,4,2012,London,GBR,,,,2251.730749,0
Georgia,GEO,2,2,0,4,2004,Athens,GRC,,,,1179.099063,0
Latvia,LAT,0,4,0,4,2004,Athens,GRC,LVA,70.8,2263123,1307.988135,0
Slovakia,SVK,0,1,3,4,2012,London,GBR,,,,961.436064,145826.897
Slovakia,SVK,2,2,0,4,2016,Rio de Janeiro,BRA,,,,5901.285218,161074.014
Uzbekistan,UZB,1,1,2,4,2000,Sydney,AUS,,,,6850.530992,0
Uzbekistan,UZB,0,1,3,4,2008,Beijing,CHN,,,,2574.178894,0
Lithuania,LTU,0,1,3,4,2016,Rio de Janeiro,BRA,LTU,74.8,2868234,6509.395014,88700.479
Slovenia,SLO,0,1,3,4,2004,Athens,GRC,SVN,77.2,1997004,767.6279331,0
Slovenia,SLO,1,1,2,4,2012,London,GBR,SVN,80.2,2056262,866.7208941,0
Slovenia,SLO,1,2,1,4,2016,Rio de Janeiro,BRA,SVN,81.3,2064241,5700.065109,0
Indonesia,INA,1,1,2,4,1996,Atlanta,USA,IDN,64.6,199914831,10773.73946,0
Indonesia,INA,1,1,2,4,2004,Athens,GRC,IDN,67,223614649,5439.40113,0
Trinidad and Tobago,TTO,1,1,2,4,2012,London,GBR,,,,0,0
Chinese Taipei,TPE,1,1,2,4,2008,Beijing,CHN,,,,0,0
Ireland,IRL,3,0,1,4,1996,Atlanta,USA,IRL,75.9,3626087,4477.958742,74317.043
Nigeria,NGR,0,3,1,4,1992,Barcelona,ESP,,,,2249.106833,0
North Korea,PRK,0,1,3,4,2000,Sydney,AUS,,,,5229.235973,0
Thailand,THA,0,2,2,4,2012,London,GBR,,,,6071.491062,0
Argentina,ARG,0,2,2,4,2000,Sydney,AUS,,75.2744186,36783859,11533.28485,0
Argentina,ARG,1,1,2,4,2012,London,GBR,,78.30454545,41733271,6877.436486,819697.902
Argentina,ARG,3,1,0,4,2016,Rio de Janeiro,BRA,,79.21363636,43590368,1303.080956,885227.529
Ethiopia,ETH,2,0,2,4,1980,Moskow,RUS,,,,3204.202646,0
Mongolia,MGL,0,1,3,4,1968,Mexico City,MEX,,,,0,0
Mongolia,MGL,0,2,2,4,1980,Moskow,RUS,,,,0,0
Mongolia,MGL,2,2,0,4,2008,Beijing,CHN,,,,0,0
Austria,AUT,0,2,2,4,1968,Mexico City,MEX,AUT,70.2,7415403,6605.111663,0
Austria,AUT,1,2,1,4,1980,Moskow,RUS,AUT,72.6,7549433,1259.691378,79284.374
Cuba,CUB,0,4,0,4,1968,Mexico City,MEX,,,,959.7442546,0
Iran (Islamic Republic of),IRI,3,0,1,4,2000,Sydney,AUS,,,,7254.599739,0
Norway,NOR,2,1,1,4,1972,Munich,GER,NOR,74.6,3933001,789.7038605,15873.192
Norway,NOR,2,1,1,4,2012,London,GBR,NOR,81.5,5018574,804.9982622,327987.716
Norway,NOR,0,0,4,4,2016,Rio de Janeiro,BRA,NOR,82.5,5236152,6398.772343,308522.085
Spain,ESP,1,1,2,4,1988,Seoul,KOR,ESP,76.9,38764307,7098.16938,452423.433
Canada,CAN,1,2,1,4,1964,Tokyo,JPN,,65.31290323,19719595,11761.45096,56477.8
Jamaica,JAM,0,3,1,4,1992,Barcelona,ESP,,,,4588.574072,0
New Zealand,NZL,2,1,1,4,1976,Montreal,CAN,NZL,72.3,3153535,14901.59198,20369.938
New Zealand,NZL,1,0,3,4,2000,Sydney,AUS,NZL,78.4,3857700,1363.195659,82996.391
Belgium,BEL,1,1,2,4,1984,Los Angeles,USA,BEL,74.5,9855372,6781.550401,130453.59
Brazil,BRA,2,0,2,4,1980,Moskow,RUS,BRA,62.7,122081510,6740.502771,0
Denmark,DEN,2,1,1,4,1988,Seoul,KOR,DNK,75,5129517,6357.022542,0
Finland,FIN,1,2,1,4,1968,Mexico City,MEX,FIN,69.8,4626471,7342.902147,0
Finland,FIN,1,1,2,4,1988,Seoul,KOR,FIN,74.8,4946487,5760.047999,79142.893
Finland,FIN,1,2,1,4,1996,Atlanta,USA,FIN,76.9,5124573,6245.868187,102688.609
Finland,FIN,2,1,1,4,2000,Sydney,AUS,FIN,77.7,5176203,9463.102949,138703.58
Finland,FIN,1,1,2,4,2008,Beijing,CHN,FIN,79.9,5313398,5176.841428,212980.742
Mexico,MEX,0,1,3,4,1980,Moskow,RUS,MEX,67.2,67561216,7858.834811,347662.92
Mexico,MEX,0,3,1,4,2004,Athens,GRC,MEX,75.4,104272444,6810.891865,1263142.485
Mexico,MEX,2,0,2,4,2008,Beijing,CHN,MEX,75.1,110405454,11838.94405,1653898.19
Romania,ROU,1,1,2,4,2016,Rio de Janeiro,BRA,,79.21363636,19706529,5982.617879,478201.584
Sweden,SWE,2,1,1,4,1968,Mexico City,MEX,SWE,74.1,7911980,6965.445894,31794.557
Switzerland,SUI,1,2,1,4,1964,Tokyo,JPN,CHE,72.2,5789228,7266.357867,0
Switzerland,SUI,1,1,2,4,1976,Montreal,CAN,CHE,74.9,6302505,4524.212451,0
Switzerland,SUI,0,2,2,4,1988,Seoul,KOR,CHE,77.5,6593387,6540.694834,0
Switzerland,SUI,2,2,0,4,2012,London,GBR,CHE,82.8,7996861,519.0484637,0
Individual Olympic Athletes,IOA,0,1,2,3,1992,Barcelona,ESP,,,,0,0
Kyrgyzstan,KGZ,0,1,2,3,2008,Beijing,CHN,,,,2288.323196,0
Serbia,SRB,0,1,2,3,2008,Beijing,CHN,,,,0,0
Serbia and Montenegro,SCG,1,1,1,3,2000,Sydney,AUS,,,,0,0
Zimbabwe,ZIM,1,1,1,3,2004,Athens,GRC,,,,3818.068439,0
Chile,CHI,2,0,1,3,2004,Athens,GRC,CHL,77.4,16022133,7081.086651,0
Egypt,EGY,0,0,3,3,2016,Rio de Janeiro,BRA,,,,5458.498004,0
Azerbaijan,AZE,2,0,1,3,2000,Sydney,AUS,,,,7549.013006,0
Estonia,EST,1,0,2,3,2000,Sydney,AUS,EST,71,1396985,9441.214208,13184.477
Estonia,EST,0,1,2,3,2004,Athens,GRC,EST,72.4,1362550,1494.198241,19787.615
Latvia,LAT,0,2,1,3,1992,Barcelona,ESP,,73.53023256,2614338,1588.211167,0
Latvia,LAT,1,1,1,3,2000,Sydney,AUS,,75.2744186,2367549,9332.163291,0
Latvia,LAT,1,1,1,3,2008,Beijing,CHN,LVA,72,2177324,5164.406898,0
Slovakia,SVK,1,1,1,3,1996,Atlanta,USA,,,,5627.508364,50425.483
Uzbekistan,UZB,0,0,3,3,2012,London,GBR,,,,3840.121994,0
Algeria,ALG,2,0,1,3,1996,Atlanta,USA,,,,4779.414037,0
Croatia,CRO,0,1,2,3,1992,Barcelona,ESP,,73.53023256,4732864,785.1876379,0
Lithuania,LTU,1,2,0,3,2004,Athens,GRC,LTU,72,3377073,1163.042112,43968.09
Tunisia,TUN,2,0,1,3,2012,London,GBR,,,,1165.784777,0
Tunisia,TUN,0,0,3,3,2016,Rio de Janeiro,BRA,,,,5026.626254,0
Indonesia,INA,0,2,1,3,2012,London,GBR,IDN,69.9,245425200,7035.269185,0
Indonesia,INA,1,2,0,3,2016,Rio de Janeiro,BRA,IDN,71.1,258705000,8248.577302,0
Bahamas,BAH,2,0,1,3,2000,Sydney,AUS,,,,13117.11126,0
Trinidad and Tobago,TTO,0,1,2,3,1964,Tokyo,JPN,,,,0,0
Venezuela,VEN,0,0,3,3,1984,Los Angeles,USA,,,,3263.545939,0
Venezuela,VEN,0,2,1,3,2016,Rio de Janeiro,BRA,,,,2623.070951,0
Chinese Taipei,TPE,1,0,2,3,2016,Rio de Janeiro,BRA,,,,0,0
Colombia,COL,0,1,2,3,1972,Munich,GER,COL,60.4,23146803,5564.846725,0
Colombia,COL,0,2,1,3,2008,Beijing,CHN,COL,73.9,44451147,10665.31692,445994.474
Ireland,IRL,0,1,2,3,2008,Beijing,CHN,IRL,80.2,4485070,6746.474883,198299.13
Morocco,MAR,1,0,2,3,1988,Seoul,KOR,,,,0,0
Morocco,MAR,1,1,1,3,1992,Barcelona,ESP,,,,0,0
Morocco,MAR,2,1,0,3,2004,Athens,GRC,,,,0,0
Nigeria,NGR,1,2,0,3,2000,Sydney,AUS,,,,8396.028256,0
Portugal,POR,1,0,2,3,1984,Los Angeles,USA,PRT,72.7,9996232,5966.667892,0
Portugal,POR,0,2,1,3,2004,Athens,GRC,PRT,78.4,10483861,1778.72057,0
India,IND,1,0,2,3,2008,Beijing,CHN,IND,65.8,1197146906,2268.419035,4339909.661
Thailand,THA,1,0,2,3,2000,Sydney,AUS,,,,4288.053365,0
Argentina,ARG,0,2,1,3,1996,Atlanta,USA,,74.35813953,35195575,5013.546431,0
Ethiopia,ETH,1,0,2,3,1992,Barcelona,ESP,,,,2984.306758,0
Ethiopia,ETH,2,0,1,3,1996,Atlanta,USA,,,,6919.135525,0
Austria,AUT,0,1,2,3,1972,Munich,GER,AUT,70.6,7544201,253.3477585,34904.601
Austria,AUT,1,1,1,3,1984,Los Angeles,USA,AUT,73.7,7561434,7405.428284,104119.538
Austria,AUT,0,1,2,3,1996,Atlanta,USA,AUT,77,7959016,5582.07332,194997.651
Austria,AUT,2,1,0,3,2000,Sydney,AUS,AUT,78.2,8011566,9291.326525,235450.19
Austria,AUT,0,1,2,3,2008,Beijing,CHN,AUT,80.5,8321541,5490.842169,343812.976
Greece,GRE,1,0,2,3,1980,Moskow,RUS,GRC,75.3,9642505,1447.592636,0
Greece,GRE,0,2,1,3,2008,Beijing,CHN,GRC,80.3,11077839,5065.428159,0
Iran (Islamic Republic of),IRI,0,2,1,3,1972,Munich,GER,,,,2339.062511,0
Iran (Islamic Republic of),IRI,0,1,2,3,1992,Barcelona,ESP,,,,2713.733005,0
Iran (Islamic Republic of),IRI,1,1,1,3,1996,Atlanta,USA,,,,7409.591644,0
Kenya,KEN,1,0,2,3,1984,Los Angeles,USA,,,,8790.313582,0
Norway,NOR,0,1,2,3,1984,Los Angeles,USA,NOR,76.4,4140098,7243.423025,56532.699
Turkey,TUR,0,0,3,3,1984,Los Angeles,USA,TUR,60.9,49070000,8241.393981,277295.985
Turkey,TUR,1,1,1,3,2012,London,GBR,TUR,74.6,75175836,1956.556338,1550688.484
Bulgaria,BUL,0,2,1,3,2012,London,GBR,,78.30454545,7305888,1410.485748,0
Bulgaria,BUL,0,1,2,3,2016,Rio de Janeiro,BRA,,79.21363636,7127822,5785.377927,0
Jamaica,JAM,0,0,3,3,1980,Moskow,RUS,,,,6731.907691,0
Jamaica,JAM,0,1,2,3,1984,Los Angeles,USA,,,,2533.832026,0
New Zealand,NZL,1,0,2,3,1968,Mexico City,MEX,NZL,71.4,2758885,15503.5678,0
New Zealand,NZL,1,1,1,3,1972,Munich,GER,NZL,71.7,2929135,10817.74758,13729.266
Republic of Korea,KOR,0,2,1,3,1964,Tokyo,JPN,,,,726.745582,0
Belgium,BEL,2,0,1,3,1964,Tokyo,JPN,BEL,70.9,9378114,7465.484676,0
Belgium,BEL,0,1,2,3,1992,Barcelona,ESP,BEL,76.5,10045165,639.0615885,203147.02
Belgium,BEL,1,0,2,3,2004,Athens,GRC,BEL,79,10421133,1378.649126,333856.905
Belgium,BEL,0,1,2,3,2012,London,GBR,BEL,80.5,11067748,239.8764718,469720.336
Brazil,BRA,0,1,2,3,1968,Mexico City,MEX,BRA,58.1,90557064,3693.901245,0
Brazil,BRA,2,1,0,3,1992,Barcelona,ESP,BRA,67.2,153973883,4770.980821,0
Denmark,DEN,1,0,2,3,1976,Montreal,CAN,DNK,73.9,5072597,4848.347592,0
Finland,FIN,0,2,1,3,2012,London,GBR,FIN,80.7,5413967,1497.672561,221285.636
Netherlands,NED,0,1,2,3,1980,Moskow,RUS,NLD,75.9,14149799,1805.151258,0
Switzerland,SUI,0,3,0,3,1972,Munich,GER,CHE,73.8,6260956,258.5672781,0
Bahrain,BRN,1,1,0,2,2016,Rio de Janeiro,BRA,,,,6122.185202,0
Cote d'Ivoire,CIV,1,0,1,2,2016,Rio de Janeiro,BRA,,,,2901.725866,0
Individual Olympic Athletes,IOA,1,0,1,2,2016,Rio de Janeiro,BRA,,,,0,0
Kingdom of Saudi Arabia,KSA,0,1,1,2,2000,Sydney,AUS,,,,0,0
Namibia,NAM,0,2,0,2,1992,Barcelona,ESP,,,,4472.372594,0
Namibia,NAM,0,2,0,2,1996,Atlanta,USA,,,,6756.787309,0
Costa Rica,CRC,0,0,2,2,2000,Sydney,AUS,CRI,77.5,3872349,13188.36147,0
"Moldova, Republic of",MDA,0,1,1,2,1996,Atlanta,USA,,,,6231.431198,0
"Moldova, Republic of",MDA,0,1,1,2,2000,Sydney,AUS,,,,8720.188185,0
Serbia and Montenegro,SCG,0,2,0,2,2004,Athens,GRC,,,,0,0
Singapore,SGP,0,0,2,2,2012,London,GBR,,78.30454545,3818205,0,435967.947
Tajikistan,TJK,0,1,1,2,2008,Beijing,CHN,,,,2606.871507,0
Qatar,QAT,0,0,2,2,2012,London,GBR,,,,3338.673622,0
Viet Nam,VIE,1,1,0,2,2016,Rio de Janeiro,BRA,,,,8665.589157,0
Armenia,ARM,1,1,0,2,1996,Atlanta,USA,,,,7040.666552,0
Armenia,ARM,0,1,1,2,2012,London,GBR,,,,2543.617705,0
Dominica Republic,DOM,1,1,0,2,2008,Beijing,CHN,,,,10249.55334,0
Dominica Republic,DOM,1,1,0,2,2012,London,GBR,,,,4429.438769,0
Egypt,EGY,0,0,2,2,2008,Beijing,CHN,,,,4690.69353,0
Malaysia,MAS,0,1,1,2,1996,Atlanta,USA,,,,10362.38216,0
Malaysia,MAS,0,1,1,2,2012,London,GBR,,,,6463.396977,0
Uganda,UGA,0,1,1,2,1968,Mexico City,MEX,,,,7293.2373,0
Uganda,UGA,1,1,0,2,1972,Munich,GER,,,,3495.969768,0
Estonia,EST,1,0,1,2,1992,Barcelona,ESP,EST,69.1,1533091,1731.29871,0
Estonia,EST,1,1,0,2,2008,Beijing,CHN,EST,74.2,1337090,5188.569733,30525.864
Estonia,EST,0,1,1,2,2012,London,GBR,EST,76.5,1322696,1444.977146,34642.164
Georgia,GEO,0,0,2,2,1996,Atlanta,USA,,,,7057.317445,0
Israel,ISR,0,1,1,2,1992,Barcelona,ESP,ISR,76.6,5123500,2141.753037,86994.815
Israel,ISR,1,0,1,2,2004,Athens,GRC,ISR,80.2,6809000,3222.927642,171959.472
Israel,ISR,0,0,2,2,2016,Rio de Janeiro,BRA,ISR,82.5,8546009,3794.449952,322994.484
Latvia,LAT,1,0,1,2,2012,London,GBR,LVA,73.9,2034324,1364.93856,0
Puerto Rico,PUR,0,1,1,2,1984,Los Angeles,USA,,,,3049.241972,0
Puerto Rico,PUR,0,1,1,2,2012,London,GBR,,,,4266.579657,0
Uzbekistan,UZB,0,1,1,2,1996,Atlanta,USA,,,,8396.304708,0
Algeria,ALG,0,0,2,2,1984,Los Angeles,USA,,,,6626.090244,0
Algeria,ALG,1,0,1,2,1992,Barcelona,ESP,,,,346.5107264,0
Algeria,ALG,0,1,1,2,2008,Beijing,CHN,,,,6180.126784,0
Algeria,ALG,0,2,0,2,2016,Rio de Janeiro,BRA,,,,4809.973012,0
Croatia,CRO,1,1,0,2,1996,Atlanta,USA,,74.35813953,4574853,5518.245309,0
Croatia,CRO,1,0,1,2,2000,Sydney,AUS,,75.2744186,4428069,9210.445178,0
Lithuania,LTU,1,0,1,2,1992,Barcelona,ESP,LTU,70.4,3700114,1543.745159,0
Slovenia,SLO,0,0,2,2,1992,Barcelona,ESP,SVN,73.6,1995832,737.3979486,0
Slovenia,SLO,0,2,0,2,1996,Atlanta,USA,SVN,75.1,1991169,5456.411672,0
Slovenia,SLO,2,0,0,2,2000,Sydney,AUS,SVN,76.1,1990272,9287.48053,0
South Africa,RSA,0,2,0,2,1992,Barcelona,ESP,ZAF,63.4,39360225,4824.036858,0
Tunisia,TUN,0,1,1,2,1964,Tokyo,JPN,,,,7073.110304,0
Tunisia,TUN,1,0,1,2,1968,Mexico City,MEX,,,,6081.175102,0
Bahamas,BAH,1,0,1,2,2004,Athens,GRC,,,,5563.622291,0
Bahamas,BAH,0,1,1,2,2008,Beijing,CHN,,,,10606.93156,0
Bahamas,BAH,1,0,1,2,2016,Rio de Janeiro,BRA,,,,3795.177807,0
Trinidad and Tobago,TTO,0,0,2,2,1996,Atlanta,USA,,,,0,0
Trinidad and Tobago,TTO,0,1,1,2,2000,Sydney,AUS,,,,0,0
Trinidad and Tobago,TTO,1,1,0,2,2008,Beijing,CHN,,,,0,0
Venezuela,VEN,0,0,2,2,2004,Athens,GRC,,,,5262.688568,0
Chinese Taipei,TPE,1,0,1,2,2012,London,GBR,,,,0,0
Colombia,COL,0,0,2,2,2004,Athens,GRC,COL,72.7,42368489,5794.551013,325554.521
Ireland,IRL,0,1,1,2,1980,Moskow,RUS,IRL,72.9,3401000,2380.123695,22409.778
Ireland,IRL,1,1,0,2,1992,Barcelona,ESP,IRL,75.5,3554500,933.5597391,53659.393
Ireland,IRL,0,2,0,2,2016,Rio de Janeiro,BRA,IRL,81.7,4739597,5627.79411,339999.931
Morocco,MAR,2,0,0,2,1984,Los Angeles,USA,,,,0,0
Morocco,MAR,0,0,2,2,1996,Atlanta,USA,,,,0,0
Morocco,MAR,0,1,1,2,2008,Beijing,CHN,,,,0,188405.513
Nigeria,NGR,0,1,1,2,1984,Los Angeles,USA,,,,7069.267805,0
Nigeria,NGR,0,0,2,2,2004,Athens,GRC,,,,2156.816829,0
Portugal,POR,0,2,0,2,1976,Montreal,CAN,PRT,69,9355812,3661.993235,0
Portugal,POR,1,0,1,2,1996,Atlanta,USA,PRT,75.3,10063945,4123.443749,0
Portugal,POR,0,0,2,2,2000,Sydney,AUS,PRT,76.9,10289898,10074.42094,0
Portugal,POR,1,1,0,2,2008,Beijing,CHN,PRT,79.5,10558177,6841.824291,0
North Korea,PRK,1,1,0,2,1976,Montreal,CAN,,,,10976.41656,0
India,IND,0,1,1,2,2016,Rio de Janeiro,BRA,IND,68.9,1324171354,7460.785766,7665672.881
Thailand,THA,1,0,1,2,1996,Atlanta,USA,,,,10180.8894,0
Argentina,ARG,0,0,2,2,1968,Mexico City,MEX,,66.66363636,23260684,4384.369678,0
Argentina,ARG,0,1,1,2,1988,Seoul,KOR,,72.83023256,31673154,11379.30611,0
Ethiopia,ETH,1,1,0,2,1968,Mexico City,MEX,,,,7541.375715,0
Ethiopia,ETH,0,0,2,2,1972,Munich,GER,,,,3071.432443,0
Mongolia,MGL,0,0,2,2,1992,Barcelona,ESP,,,,0,0
Mongolia,MGL,0,1,1,2,2016,Rio de Janeiro,BRA,,,,0,0
Austria,AUT,0,2,0,2,1992,Barcelona,ESP,AUT,75.9,7840709,896.7318071,166545.677
Greece,GRE,0,2,0,2,1972,Munich,GER,GRC,73.8,8888628,975.5308696,0
Greece,GRE,0,1,1,2,1984,Los Angeles,USA,GRC,76.2,9895801,7740.653077,0
Greece,GRE,2,0,0,2,1992,Barcelona,ESP,GRC,77.2,10399058,1191.790232,0
Greece,GRE,0,0,2,2,2012,London,GBR,GRC,80.7,11045010,1597.437237,0
Iran (Islamic Republic of),IRI,0,0,2,2,1964,Tokyo,JPN,,,,4823.938424,0
Iran (Islamic Republic of),IRI,0,1,1,2,1976,Montreal,CAN,,,,6961.793767,0
Iran (Islamic Republic of),IRI,1,0,1,2,2008,Beijing,CHN,,,,3554.869761,0
Norway,NOR,1,1,0,2,1968,Mexico City,MEX,NOR,74.2,3816488,6597.650799,0
Norway,NOR,1,1,0,2,1976,Montreal,CAN,NOR,75.3,4026151,4795.701101,25382.781
Spain,ESP,0,2,0,2,1976,Montreal,CAN,ESP,73.7,36118035,3954.379329,184211.01
Turkey,TUR,2,0,0,2,1968,Mexico City,MEX,TUR,53.4,33586000,7323.680996,0
Turkey,TUR,1,1,0,2,1988,Seoul,KOR,TUR,65.2,53268000,5132.585459,386102.488
Jamaica,JAM,1,1,0,2,1976,Montreal,CAN,,,,1898.1793,0
Jamaica,JAM,0,2,0,2,1988,Seoul,KOR,,,,11163.59644,0
Republic of Korea,KOR,0,1,1,2,1968,Mexico City,MEX,,,,12380.98084,0
Belgium,BEL,0,1,1,2,1968,Mexico City,MEX,BEL,70.8,9618756,6040.287639,0
Belgium,BEL,0,2,0,2,1972,Munich,GER,BEL,71.5,9711115,434.360945,44552.011
Belgium,BEL,0,0,2,2,1988,Seoul,KOR,BEL,75.7,9901665,6738.867833,161512.644
Belgium,BEL,2,0,0,2,2008,Beijing,CHN,BEL,79.8,10709976,6161.241147,405729.43
Brazil,BRA,0,0,2,2,1972,Munich,GER,BRA,59.8,100143598,5448.606277,0
Brazil,BRA,0,0,2,2,1976,Montreal,CAN,BRA,61.3,110213082,4476.475126,0
Finland,FIN,0,2,0,2,2004,Athens,GRC,FIN,79,5228173,1559.687466,162992.94
Mexico,MEX,1,0,1,2,1976,Montreal,CAN,MEX,65.2,60702805,2223.440536,195611.88
Mexico,MEX,0,0,2,2,1988,Seoul,KOR,MEX,70.6,80970606,12380.98084,530653.793
Switzerland,SUI,2,0,0,2,1980,Moskow,RUS,CHE,75.7,6319409,1752.428395,0
Afghanistan,AFG,0,0,1,1,2008,Beijing,CHN,,,,2596.700595,0
Afghanistan,AFG,0,0,1,1,2012,London,GBR,,,,3955.769518,0
Bahrain,BRN,1,0,0,1,2012,London,GBR,,,,3255.064613,0
Burundi,BDI,1,0,0,1,1996,Atlanta,USA,,,,6703.54928,0
Burundi,BDI,0,1,0,1,2016,Rio de Janeiro,BRA,,,,4178.760182,0
Cote d'Ivoire,CIV,0,1,0,1,1984,Los Angeles,USA,,,,6459.86403,0
Ecuador,ECU,1,0,0,1,1996,Atlanta,USA,,,,2362.233328,0
Ecuador,ECU,0,1,0,1,2008,Beijing,CHN,,,,10969.94912,0
Grenada,GRN,1,0,0,1,2012,London,GBR,,,,0,0
Grenada,GRN,0,1,0,1,2016,Rio de Janeiro,BRA,,,,0,0
Kingdom of Saudi Arabia,KSA,0,0,1,1,2012,London,GBR,,,,0,0
Kuwait,KUW,0,0,1,1,2000,Sydney,AUS,,,,7124.236809,0
Kuwait,KUW,0,0,1,1,2012,London,GBR,,,,3033.120479,0
Kyrgyzstan,KGZ,0,0,1,1,2000,Sydney,AUS,,,,6734.816341,0
Lebanon,LBN,0,1,0,1,1972,Munich,GER,,,,1641.637932,0
Lebanon,LBN,0,0,1,1,1980,Moskow,RUS,,,,1516.575796,0
Mozambique,MOZ,0,0,1,1,1996,Atlanta,USA,,,,7574.034675,0
Mozambique,MOZ,1,0,0,1,2000,Sydney,AUS,,,,6516.547514,0
Niger,NIG,0,0,1,1,1972,Munich,GER,,,,2461.536935,0
Niger,NIG,0,1,0,1,2016,Rio de Janeiro,BRA,,,,3511.528091,0
Suriname,SUR,1,0,0,1,1988,Seoul,KOR,,,,10155.38803,0
Suriname,SUR,0,0,1,1,1992,Barcelona,ESP,,,,3988.780861,0
United Arab Emirates,UAE,1,0,0,1,2004,Athens,GRC,,,,1913.865226,0
United Arab Emirates,UAE,0,0,1,1,2016,Rio de Janeiro,BRA,,,,6235.222111,0
Uruguay,URU,0,0,1,1,1964,Tokyo,JPN,,,,11734.26513,0
Uruguay,URU,0,1,0,1,2000,Sydney,AUS,,,,11319.75547,0
Zambia,ZAM,0,0,1,1,1984,Los Angeles,USA,,,,8687.964851,0
Zambia,ZAM,0,1,0,1,1996,Atlanta,USA,,,,7014.913711,0
Costa Rica,CRC,0,1,0,1,1988,Seoul,KOR,CRI,75.3,2878888,11652.89483,0
Costa Rica,CRC,1,0,0,1,1996,Atlanta,USA,CRI,76.8,3520866,1669.922202,0
Ghana,GHA,0,0,1,1,1964,Tokyo,JPN,,,,7910.031782,0
Ghana,GHA,0,0,1,1,1972,Munich,GER,,,,3020.137658,0
Ghana,GHA,0,0,1,1,1992,Barcelona,ESP,,,,2489.739004,0
"Hong Kong, China",HKG,1,0,0,1,1996,Atlanta,USA,,,,0,161682.748
"Hong Kong, China",HKG,0,1,0,1,2004,Athens,GRC,,,,0,234155.559
"Hong Kong, China",HKG,0,0,1,1,2012,London,GBR,,,,0,373485.399
Iceland,ISL,0,0,1,1,1984,Los Angeles,USA,ISL,77.7,239506,5670.837692,3845.445
Iceland,ISL,0,0,1,1,2000,Sydney,AUS,ISL,79.7,281200,11605.73176,8377.672
Iceland,ISL,0,1,0,1,2008,Beijing,CHN,ISL,81.7,317404,7710.615495,13879.916
Peru,PER,0,1,0,1,1984,Los Angeles,USA,,,,3894.401033,0
Peru,PER,0,1,0,1,1988,Seoul,KOR,,,,11620.36148,0
Peru,PER,0,1,0,1,1992,Barcelona,ESP,,,,5679.504605,0
"Moldova, Republic of",MDA,0,0,1,1,2008,Beijing,CHN,,,,4816.080791,0
Singapore,SGP,0,1,0,1,2008,Beijing,CHN,,77.23409091,3642659,0,327263.784
Singapore,SGP,1,0,0,1,2016,Rio de Janeiro,BRA,,79.21363636,3933559,0,501247.434
Syrian Arab Republic,SYR,0,1,0,1,1984,Los Angeles,USA,,,,8431.490815,0
Syrian Arab Republic,SYR,1,0,0,1,1996,Atlanta,USA,,,,6583.195225,0
Syrian Arab Republic,SYR,0,0,1,1,2004,Athens,GRC,,,,754.6925338,0
Tajikistan,TJK,0,0,1,1,2012,London,GBR,,,,3848.237275,0
Tajikistan,TJK,1,0,0,1,2016,Rio de Janeiro,BRA,,,,7417.389743,0
Zimbabwe,ZIM,1,0,0,1,1980,Moskow,RUS,,,,5040.582966,0
Chile,CHI,0,1,0,1,1988,Seoul,KOR,CHL,72.5,12748135,11801.49769,0
Chile,CHI,0,0,1,1,2000,Sydney,AUS,CHL,76.4,15343326,12099.98408,0
Chile,CHI,0,1,0,1,2008,Beijing,CHN,CHL,78.3,16697754,11359.06185,0
Qatar,QAT,0,0,1,1,1992,Barcelona,ESP,,,,2909.657046,0
Qatar,QAT,0,0,1,1,2000,Sydney,AUS,,,,6805.326209,0
Qatar,QAT,0,1,0,1,2016,Rio de Janeiro,BRA,,,,6134.375157,0
Viet Nam,VIE,0,1,0,1,2000,Sydney,AUS,,,,4537.511058,0
Viet Nam,VIE,0,1,0,1,2008,Beijing,CHN,,,,1403.83947,0
Viet Nam,VIE,0,0,1,1,2012,London,GBR,,,,6130.777024,0
Armenia,ARM,0,0,1,1,2000,Sydney,AUS,,,,7753.556298,0
Dominica Republic,DOM,0,0,1,1,1984,Los Angeles,USA,,,,2870.00037,0
Dominica Republic,DOM,1,0,0,1,2004,Athens,GRC,,,,5251.812676,0
Dominica Republic,DOM,0,0,1,1,2016,Rio de Janeiro,BRA,,,,3188.468904,0
Egypt,EGY,0,1,0,1,1984,Los Angeles,USA,,,,8160.910325,0
Malaysia,MAS,0,0,1,1,1992,Barcelona,ESP,,,,6028.111825,0
Malaysia,MAS,0,1,0,1,2008,Beijing,CHN,,,,2642.336283,0
Philippines,PHI,0,1,0,1,1964,Tokyo,JPN,,,,1786.862655,0
Philippines,PHI,0,0,1,1,1988,Seoul,KOR,,,,1609.060942,0
Philippines,PHI,0,0,1,1,1992,Barcelona,ESP,,,,6750.101756,0
Philippines,PHI,0,1,0,1,1996,Atlanta,USA,,,,11293.49439,0
Philippines,PHI,0,1,0,1,2016,Rio de Janeiro,BRA,,,,9326.043045,0
Uganda,UGA,0,1,0,1,1980,Moskow,RUS,,,,3822.208406,0
Uganda,UGA,0,0,1,1,1996,Atlanta,USA,,,,6778.799738,0
Uganda,UGA,1,0,0,1,2012,London,GBR,,,,3947.281776,0
Azerbaijan,AZE,0,1,0,1,1996,Atlanta,USA,,,,7327.578349,0
Cameroon,CMR,0,1,0,1,1968,Mexico City,MEX,,,,6127.096655,0
Cameroon,CMR,0,0,1,1,1984,Los Angeles,USA,,,,7382.937537,0
Cameroon,CMR,1,0,0,1,2000,Sydney,AUS,,,,8059.947265,0
Cameroon,CMR,1,0,0,1,2004,Athens,GRC,,,,2442.711544,0
Cameroon,CMR,1,0,0,1,2008,Beijing,CHN,,,,6241.863267,0
Cameroon,CMR,0,0,1,1,2012,London,GBR,,,,3360.488213,0
Estonia,EST,0,0,1,1,2016,Rio de Janeiro,BRA,EST,77.8,1315790,6764.458204,41548.815
Israel,ISR,0,0,1,1,1996,Atlanta,USA,ISR,78.2,5685100,2694.912581,118493.2
Israel,ISR,0,0,1,1,2000,Sydney,AUS,ISR,78.8,6289200,11133.55699,157214.843
Israel,ISR,0,0,1,1,2008,Beijing,CHN,ISR,81,7308795,8278.673099,200719.741
Latvia,LAT,0,1,0,1,1996,Atlanta,USA,,74.35813953,2457226,6127.493309,0
Puerto Rico,PUR,0,0,1,1,1976,Montreal,CAN,,,,1948.489108,0
Puerto Rico,PUR,0,0,1,1,1992,Barcelona,ESP,,,,4052.786435,0
Puerto Rico,PUR,0,0,1,1,1996,Atlanta,USA,,,,1462.857094,0
Puerto Rico,PUR,1,0,0,1,2016,Rio de Janeiro,BRA,,,,3104.986211,0
Algeria,ALG,1,0,0,1,2012,London,GBR,,,,1044.929886,0
Lithuania,LTU,0,0,1,1,1996,Atlanta,USA,LTU,70.3,3601613,6150.070693,22941.763
Pakistan,PAK,0,1,0,1,1964,Tokyo,JPN,,,,3637.034033,0
Pakistan,PAK,1,0,0,1,1968,Mexico City,MEX,,,,9453.034885,0
Pakistan,PAK,0,1,0,1,1972,Munich,GER,,,,3509.592327,0
Pakistan,PAK,0,0,1,1,1976,Montreal,CAN,,,,8160.205178,0
Pakistan,PAK,1,0,0,1,1984,Los Angeles,USA,,,,10447.26027,0
Pakistan,PAK,0,0,1,1,1988,Seoul,KOR,,,,2928.095499,0
Pakistan,PAK,0,0,1,1,1992,Barcelona,ESP,,,,3911.822101,0
South Africa,RSA,0,1,0,1,2008,Beijing,CHN,ZAF,55.4,49176550,6575.494888,0
Tunisia,TUN,0,1,0,1,1972,Munich,GER,,,,807.160439,0
Tunisia,TUN,0,0,1,1,1996,Atlanta,USA,,,,5163.187887,0
Tunisia,TUN,1,0,0,1,2008,Beijing,CHN,,,,5796.335708,0
Indonesia,INA,0,1,0,1,1988,Seoul,KOR,IDN,61.5,175000916,3189.364766,0
Bahamas,BAH,1,0,0,1,1964,Tokyo,JPN,,,,11862.7069,0
Bahamas,BAH,0,0,1,1,1992,Barcelona,ESP,,,,4477.864708,0
Bahamas,BAH,0,1,0,1,1996,Atlanta,USA,,,,717.2687331,0
Bahamas,BAH,1,0,0,1,2012,London,GBR,,,,4586.923845,0
Trinidad and Tobago,TTO,1,0,0,1,1976,Montreal,CAN,,,,0,0
Trinidad and Tobago,TTO,0,0,1,1,2004,Athens,GRC,,,,0,0
Trinidad and Tobago,TTO,0,0,1,1,2016,Rio de Janeiro,BRA,,,,0,0
Venezuela,VEN,1,0,0,1,1968,Mexico City,MEX,,,,1880.336481,0
Venezuela,VEN,0,1,0,1,1976,Montreal,CAN,,,,2478.228765,0
Venezuela,VEN,0,1,0,1,1980,Moskow,RUS,,,,6472.067202,0
Venezuela,VEN,0,0,1,1,2008,Beijing,CHN,,,,10180.21662,0
Venezuela,VEN,1,0,0,1,2012,London,GBR,,,,4605.444286,0
Chinese Taipei,TPE,0,0,1,1,1968,Mexico City,MEX,,,,0,0
Chinese Taipei,TPE,0,0,1,1,1984,Los Angeles,USA,,,,0,0
Chinese Taipei,TPE,0,1,0,1,1992,Barcelona,ESP,,,,0,0
Chinese Taipei,TPE,0,1,0,1,1996,Atlanta,USA,,,,0,0
Colombia,COL,0,1,0,1,1984,Los Angeles,USA,COL,66,30350086,3168.141186,83008.015
Colombia,COL,0,0,1,1,1988,Seoul,KOR,COL,67,32767110,11181.17542,111458.759
Colombia,COL,0,0,1,1,1992,Barcelona,ESP,COL,67.5,35520940,4881.775916,187881.644
Colombia,COL,1,0,0,1,2000,Sydney,AUS,COL,71,40295563,12575.93558,262804.16
Ireland,IRL,0,0,1,1,1964,Tokyo,JPN,,65.31290323,2863800,8052.048537,0
Ireland,IRL,0,1,0,1,1984,Los Angeles,USA,,71.68571429,3529000,6261.276638,30851.409
Ireland,IRL,0,1,0,1,2000,Sydney,AUS,IRL,76.6,3789536,10484.38373,114987.727
Morocco,MAR,0,0,1,1,2012,London,GBR,,,,0,225677.095
Morocco,MAR,0,0,1,1,2016,Rio de Janeiro,BRA,,,,0,252196.888
Nigeria,NGR,0,0,1,1,1964,Tokyo,JPN,,,,7455.2043,0
Nigeria,NGR,0,0,1,1,1972,Munich,GER,,,,2707.220472,0
Nigeria,NGR,0,0,1,1,2016,Rio de Janeiro,BRA,,,,3530.265723,0
Portugal,POR,1,0,0,1,1988,Seoul,KOR,PRT,73.8,10019610,7404.156141,0
Portugal,POR,0,1,0,1,2012,London,GBR,PRT,80.5,10514844,1020.472164,0
Portugal,POR,0,0,1,1,2016,Rio de Janeiro,BRA,PRT,81.2,10325452,4622.586205,0
India,IND,1,0,0,1,1964,Tokyo,JPN,IND,43.9,487484535,3450.654954,0
India,IND,0,0,1,1,1968,Mexico City,MEX,IND,46.4,529967317,9642.938962,0
India,IND,0,0,1,1,1972,Munich,GER,IND,49.1,579411513,3830.183598,169179.026
India,IND,1,0,0,1,1980,Moskow,RUS,IND,53.8,696783517,2865.1176,400332.653
India,IND,0,0,1,1,1996,Atlanta,USA,IND,60.8,978893217,8826.80147,1639800.406
India,IND,0,0,1,1,2000,Sydney,AUS,IND,62.5,1053050912,5899.440123,2184672.996
India,IND,0,1,0,1,2004,Athens,GRC,IND,64.1,1126135777,2998.497325,3004720.147
Thailand,THA,0,0,1,1,1976,Montreal,CAN,,,,9853.859942,0
Thailand,THA,0,1,0,1,1984,Los Angeles,USA,,,,12016.64593,0
Thailand,THA,0,0,1,1,1988,Seoul,KOR,,,,2181.014183,0
Thailand,THA,0,0,1,1,1992,Barcelona,ESP,,,,5694.182572,0
Argentina,ARG,0,1,0,1,1964,Tokyo,JPN,,65.31290323,21949246,11979.01152,0
Argentina,ARG,0,1,0,1,1972,Munich,GER,,67.98648649,24769829,7015.770065,0
Argentina,ARG,0,0,1,1,1992,Barcelona,ESP,,73.53023256,33475005,6344.970262,0
Ethiopia,ETH,1,0,0,1,1964,Tokyo,JPN,,,,5825.236731,0
Mongolia,MGL,0,1,0,1,1972,Munich,GER,,,,0,0
Mongolia,MGL,0,1,0,1,1976,Montreal,CAN,,,,0,0
Mongolia,MGL,0,0,1,1,1988,Seoul,KOR,,,,0,0
Mongolia,MGL,0,0,1,1,1996,Atlanta,USA,,,,0,0
Mongolia,MGL,0,0,1,1,2004,Athens,GRC,,,,0,0
Austria,AUT,0,0,1,1,1976,Montreal,CAN,AUT,71.7,7565525,5014.993429,52552.426
Austria,AUT,1,0,0,1,1988,Seoul,KOR,AUT,75.3,7585317,6067.31086,127618.385
Austria,AUT,0,0,1,1,2016,Rio de Janeiro,BRA,AUT,81.7,8739806,5876.69563,460282.647
Cuba,CUB,0,1,0,1,1964,Tokyo,JPN,,,,12145.25931,0
Greece,GRE,0,0,1,1,1968,Mexico City,MEX,GRC,72.4,8740765,6810.891865,0
Greece,GRE,0,0,1,1,1988,Seoul,KOR,GRC,76.8,10037037,5626.014846,0
Iran (Islamic Republic of),IRI,0,1,0,1,1988,Seoul,KOR,,,,4107.946907,0
Kenya,KEN,0,0,1,1,1964,Tokyo,JPN,,,,6180.346418,0
Spain,ESP,0,0,1,1,1972,Munich,GER,,67.98648649,34571714,984.7989516,117546.194
Turkey,TUR,0,1,0,1,1972,Munich,GER,TUR,55,37133000,1288.161151,77952.83
Jamaica,JAM,0,1,0,1,1968,Mexico City,MEX,,,,1236.734863,0
Jamaica,JAM,0,0,1,1,1972,Munich,GER,,,,5239.56893,0
Republic of Korea,KOR,0,1,0,1,1972,Munich,GER,,,,6318.972954,25143.934
Belgium,BEL,1,0,0,1,1980,Moskow,RUS,BEL,73.3,9859243,1841.269434,101107.507
Brazil,BRA,0,0,1,1,1964,Tokyo,JPN,BRA,56.2,81168654,10813.30687,0
Denmark,DEN,1,0,0,1,1972,Munich,GER,DNK,73.4,4991596,503.3433966,0
Finland,FIN,0,0,1,1,2016,Rio de Janeiro,BRA,FIN,81.5,5495297,6834.621887,246928.493
Mexico,MEX,0,0,1,1,1964,Tokyo,JPN,MEX,59.9,41970377,13085.252,0
Mexico,MEX,0,1,0,1,1972,Munich,GER,MEX,63.1,53973953,6364.498871,116543.715
Mexico,MEX,0,1,0,1,1992,Barcelona,ESP,MEX,71.9,87312337,5737.41412,715277.773
Mexico,MEX,0,0,1,1,1996,Atlanta,USA,MEX,72.7,93294783,1285.687064,845410.685
Switzerland,SUI,1,0,0,1,1992,Barcelona,ESP,CHE,78.1,6875364,453.4240889,0
