From Original Medal Counts,Country,From LE and Population,,,,,,,List from GDP
United States,USA,USA,,,,,,,LOCATION
Russia,URS,RUS,,,,,,,AUS
Japan,JPN,JPN,,,,,,,AUS
Germany,GER,DEU,,,,,,,AUS
Italy,ITA,,,,,,,,AUS
Hungary,HUN,HUN,,,,,,,AUS
Poland,POL,POL,,,,,,,AUS
Australia,AUS,AUS,,,,,,,AUS
Czechoslovakia,TCH,,,,,,,,AUS
England,GBR,,,,,,,,AUS
Bulgaria,BUL,,,,,,,,AUS
Finland,FIN,,,,,,,,AUS
New Zealand,NZL,NZL,,,,,,,AUS
Romania,ROU,,,,,,,,AUS
Netherlands,NED,NLD,,,,,,,AUS
Turkey,TUR,TUR,,,,,,,AUS
Sweden,SWE,SWE,,,,,,,AUS
Denmark,DEN,,,,,,,,AUS
Yugoslavia,YUG,,,,,,,,AUS
Belgium,BEL,BEL,,,,,,,AUS
France,FRA,FRA,,,,,,,AUS
Canada,CAN,,,,,,,,AUS
Switzerland,SUI,CHE,,,,,,,AUS
Ethiopia,ETH,,,,,,,,AUS
India,IND,IND,,,,,,,AUS
The Bahamas,BAH,,,,,,,,AUS
Republic of Korea,KOR,,,,,,,,AUS
Trinidad and Tobago,TTO,,,,,,,,AUS
Tunisia,TUN,,,,,,,,AUS
Argentina,ARG,,,,,,,,AUS
Cuba,CUB,,,,,,,,AUS
Pakistan,PAK,,,,,,,,AUS
Philippines,PHI,,,,,,,,AUS
Islamic Republic of Iran,IRI,,,,,,,,AUS
Brazil,BRA,BRA,,,,,,,AUS
Ghana,GHA,,,,,,,,AUS
Ireland,IRL,,,,,,,,AUS
Kenya,KEN,,,,,,,,AUS
Mexico,MEX,MEX,,,,,,,AUS
Nigeria,NGR,,,,,,,,AUS
Uruguay,URU,,,,,,,,AUS
United States,USA,USA,,,,,,,AUS
Russia,URS,RUS,,,,,,,AUS
Japan,JPN,JPN,,,,,,,AUS
Hungary,HUN,HUN,,,,,,,AUS
Germany,GDR,DEU,,,,,,,AUS
France,FRA,FRA,,,,,,,AUS
Czechoslovakia,TCH,,,,,,,,AUS
Germany,FRG,DEU,,,,,,,AUS
Australia,AUS,AUS,,,,,,,AUS
England,GBR,,,,,,,,AUS
Poland,POL,POL,,,,,,,AUS
Romania,ROU,,,,,,,,AUS
Italy,ITA,,,,,,,,AUS
Kenya,KEN,,,,,,,,AUS
Mexico,MEX,MEX,,,,,,,AUS
Yugoslavia,YUG,,,,,,,,AUS
Netherlands,NED,NLD,,,,,,,AUS
Bulgaria,BUL,,,,,,,,AUS
Islamic Republic of Iran,IRI,,,,,,,,AUS
Sweden,SWE,SWE,,,,,,,AUS
Turkey,TUR,TUR,,,,,,,AUS
Denmark,DEN,DNK,,,,,,,AUT
Canada,CAN,,,,,,,,AUT
Finland,FIN,FIN,,,,,,,AUT
Ethiopia,ETH,,,,,,,,AUT
Norway,NOR,NOR,,,,,,,AUT
New Zealand,NZL,NZL,,,,,,,AUT
Tunisia,TUN,,,,,,,,AUT
Pakistan,PAK,,,,,,,,AUT
Venezuela,VEN,,,,,,,,AUT
Cuba,CUB,,,,,,,,AUT
Austria,AUT,AUT,,,,,,,AUT
Switzerland,SUI,CHE,,,,,,,AUT
Mongolia,MGL,,,,,,,,AUT
Brazil,BRA,BRA,,,,,,,AUT
Belgium,BEL,BEL,,,,,,,AUT
Republic of Korea,KOR,,,,,,,,AUT
Uganda,UGA,,,,,,,,AUT
Cameroon,CMR,,,,,,,,AUT
Jamaica,JAM,,,,,,,,AUT
Argentina,ARG,,,,,,,,AUT
Chinese Taipei,TPE,,,,,,,,AUT
Greece,GRE,GRC,,,,,,,AUT
India,IND,IND,,,,,,,AUT
Russia,URS,RUS,,,,,,,AUT
United States,USA,USA,,,,,,,AUT
Germany,GDR,DEU,,,,,,,AUT
Germany,FRG,DEU,,,,,,,AUT
Japan,JPN,JPN,,,,,,,AUT
Australia,AUS,AUS,,,,,,,AUT
Poland,POL,POL,,,,,,,AUT
Hungary,HUN,HUN,,,,,,,AUT
Bulgaria,BUL,,,,,,,,AUT
Italy,ITA,,,,,,,,AUT
Sweden,SWE,SWE,,,,,,,AUT
England,GBR,,,,,,,,AUT
Romania,ROU,,,,,,,,AUT
Cuba,CUB,,,,,,,,AUT
Finland,FIN,FIN,,,,,,,AUT
Netherlands,NED,NLD,,,,,,,AUT
France,FRA,FRA,,,,,,,AUT
Czechoslovakia,TCH,,,,,,,,AUT
Kenya,KEN,,,,,,,,AUT
Yugoslavia,YUG,,,,,,,,AUT
Norway,NOR,NOR,,,,,,,AUT
Democratic People's Republic of Korea,PRK,,,,,,,,AUT
New Zealand,NZL,NZL,,,,,,,AUT
Uganda,UGA,,,,,,,,AUT
Denmark,DEN,DNK,,,,,,,AUT
Switzerland,SUI,CHE,,,,,,,AUT
Canada,CAN,,,,,,,,AUT
Islamic Republic of Iran,IRI,,,,,,,,AUT
Belgium,BEL,BEL,,,,,,,BEL
Greece,GRE,GRC,,,,,,,BEL
Austria,AUT,AUT,,,,,,,BEL
Colombia,COL,COL,,,,,,,BEL
Argentina,ARG,,,,,,,,BEL
Lebanon,LBN,,,,,,,,BEL
Mexico,MEX,MEX,,,,,,,BEL
Mongolia,MGL,,,,,,,,BEL
Pakistan,PAK,,,,,,,,BEL
Republic of Korea,KOR,,,,,,,,BEL
Tunisia,TUN,,,,,,,,BEL
Turkey,TUR,TUR,,,,,,,BEL
Brazil,BRA,BRA,,,,,,,BEL
Ethiopia,ETH,,,,,,,,BEL
Ghana,GHA,,,,,,,,BEL
India,IND,IND,,,,,,,BEL
Jamaica,JAM,,,,,,,,BEL
Niger,NIG,,,,,,,,BEL
Nigeria,NGR,,,,,,,,BEL
Spain,ESP,,,,,,,,BEL
Russia,URS,RUS,,,,,,,BEL
Germany,GDR,DEU,,,,,,,BEL
United States,USA,USA,,,,,,,BEL
Germany,FRG,DEU,,,,,,,BEL
Japan,JPN,JPN,,,,,,,BEL
Poland,POL,POL,,,,,,,BEL
Bulgaria,BUL,,,,,,,,BEL
Cuba,CUB,,,,,,,,BEL
Romania,ROU,,,,,,,,BEL
Hungary,HUN,HUN,,,,,,,BEL
Finland,FIN,FIN,,,,,,,BEL
Sweden,SWE,SWE,,,,,,,BEL
England,GBR,,,,,,,,BEL
Italy,ITA,ITA,,,,,,,BEL
France,FRA,FRA,,,,,,,BEL
Yugoslavia,YUG,,,,,,,,BEL
Czechoslovakia,TCH,,,,,,,,BEL
New Zealand,NZL,NZL,,,,,,,BEL
Republic of Korea,KOR,,,,,,,,BEL
Switzerland,SUI,CHE,,,,,,,BEL
Democratic People's Republic of Korea,PRK,,,,,,,,BEL
Jamaica,JAM,,,,,,,,BEL
Norway,NOR,NOR,,,,,,,BEL
Denmark,DEN,DNK,,,,,,,BEL
Mexico,MEX,MEX,,,,,,,BEL
Trinidad and Tobago,TTO,,,,,,,,BEL
Canada,CAN,CAN,,,,,,,BEL
Belgium,BEL,BEL,,,,,,,BEL
Netherlands,NED,NLD,,,,,,,BEL
Portugal,POR,PRT,,,,,,,BEL
Spain,ESP,ESP,,,,,,,BEL
Australia,AUS,AUS,,,,,,,CAN
Islamic Republic of Iran,IRI,,,,,,,,CAN
Mongolia,MGL,,,,,,,,CAN
Venezuela,VEN,,,,,,,,CAN
Brazil,BRA,BRA,,,,,,,CAN
Austria,AUT,AUT,,,,,,,CAN
Bermuda,BER,,,,,,,,CAN
Pakistan,PAK,,,,,,,,CAN
Puerto Rico,PUR,,,,,,,,CAN
Thailand,THA,,,,,,,,CAN
Russia,URS,RUS,,,,,,,CAN
Germany,GDR,DEU,,,,,,,CAN
Bulgaria,BUL,,,,,,,,CAN
Cuba,CUB,,,,,,,,CAN
Italy,ITA,ITA,,,,,,,CAN
Hungary,HUN,HUN,,,,,,,CAN
Romania,ROU,,,,,,,,CAN
France,FRA,FRA,,,,,,,CAN
England,GBR,,,,,,,,CAN
Poland,POL,POL,,,,,,,CAN
Sweden,SWE,SWE,,,,,,,CAN
Finland,FIN,FIN,,,,,,,CAN
Czechoslovakia,TCH,,,,,,,,CAN
Yugoslavia,YUG,,,,,,,,CAN
Australia,AUS,AUS,,,,,,,CAN
Denmark,DEN,DNK,,,,,,,CAN
Brazil,BRA,BRA,,,,,,,CAN
Ethiopia,ETH,,,,,,,,CAN
Switzerland,SUI,CHE,,,,,,,CAN
Spain,ESP,ESP,,,,,,,CAN
Austria,AUT,AUT,,,,,,,CAN
Greece,GRE,GRC,,,,,,,CAN
Belgium,BEL,BEL,,,,,,,CAN
India,IND,IND,,,,,,,CAN
Zimbabwe,ZIM,,,,,,,,CAN
Democratic People's Republic of Korea,PRK,,,,,,,,CAN
Mongolia,MGL,,,,,,,,CAN
United Republic of Tanzania,TAN,,,,,,,,CAN
Mexico,MEX,MEX,,,,,,,CAN
Netherlands,NED,NLD,,,,,,,CAN
Ireland,IRL,IRL,,,,,,,CAN
Uganda,UGA,,,,,,,,CAN
Venezuela,VEN,,,,,,,,CAN
Jamaica,JAM,,,,,,,,CAN
Guyana,GUY,,,,,,,,CAN
Lebanon,LBN,,,,,,,,CAN
United States,USA,USA,,,,,,,CAN
Romania,ROU,,,,,,,,CAN
Germany,FRG,DEU,,,,,,,CAN
China,CHN,,,,,,,,CAN
Italy,ITA,ITA,,,,,,,CAN
Canada,CAN,CAN,,,,,,,CAN
Japan,JPN,JPN,,,,,,,CAN
New Zealand,NZL,NZL,,,,,,,CAN
Yugoslavia,YUG,,,,,,,,CAN
Republic of Korea,KOR,,,,,,,,CAN
England,GBR,,,,,,,,CAN
France,FRA,FRA,,,,,,,CAN
Netherlands,NED,NLD,,,,,,,CAN
Australia,AUS,AUS,,,,,,,CAN
Finland,FIN,FIN,,,,,,,CZE
Sweden,SWE,SWE,,,,,,,CZE
Mexico,MEX,MEX,,,,,,,CZE
Morocco,MAR,,,,,,,,CZE
Brazil,BRA,BRA,,,,,,,CZE
Spain,ESP,ESP,,,,,,,CZE
Belgium,BEL,BEL,,,,,,,CZE
Austria,AUT,AUT,,,,,,,CZE
Kenya,KEN,,,,,,,,CZE
Portugal,POR,PRT,,,,,,,CZE
Pakistan,PAK,,,,,,,,CZE
Switzerland,SUI,CHE,,,,,,,CZE
Denmark,DEN,DNK,,,,,,,CZE
Jamaica,JAM,,,,,,,,CZE
Norway,NOR,NOR,,,,,,,CZE
Greece,GRE,GRC,,,,,,,CZE
Nigeria,NGR,,,,,,,,CZE
Puerto Rico,PUR,,,,,,,,CZE
Colombia,COL,COL,,,,,,,CZE
CÃ´te d'Ivoire,CIV,,,,,,,,CZE
Egypt,EGY,,,,,,,,CZE
Ireland,IRL,,,,,,,,CZE
Peru,PER,,,,,,,,CZE
Syrian Arab Republic,SYR,,,,,,,,CZE
Thailand,THA,,,,,,,,CZE
Turkey,TUR,TUR,,,,,,,CZE
Venezuela,VEN,,,,,,,,CZE
Algeria,ALG,,,,,,,,CZE
Cameroon,CMR,,,,,,,,CZE
Chinese Taipei,TPE,,,,,,,,CZE
Dominican Republic,DOM,,,,,,,,CZE
Iceland,ISL,ISL,,,,,,,DNK
Zambia,ZAM,,,,,,,,DNK
Russia,URS,RUS,,,,,,,DNK
Germany,GDR,DEU,,,,,,,DNK
United States,USA,USA,,,,,,,DNK
Republic of Korea,KOR,,,,,,,,DNK
Germany,FRG,DEU,,,,,,,DNK
Hungary,HUN,HUN,,,,,,,DNK
Bulgaria,BUL,,,,,,,,DNK
Romania,ROU,,,,,,,,DNK
France,FRA,FRA,,,,,,,DNK
Italy,ITA,ITA,,,,,,,DNK
China,CHN,,,,,,,,DNK
England,GBR,,,,,,,,DNK
Kenya,KEN,,,,,,,,DNK
Japan,JPN,JPN,,,,,,,DNK
Australia,AUS,AUS,,,,,,,DNK
Yugoslavia,YUG,,,,,,,,DNK
Czechoslovakia,TCH,,,,,,,,DNK
New Zealand,NZL,NZL,,,,,,,DNK
Canada,CAN,CAN,,,,,,,DNK
Poland,POL,POL,,,,,,,DNK
Norway,NOR,NOR,,,,,,,DNK
Netherlands,NED,NLD,,,,,,,DNK
Denmark,DEN,DNK,,,,,,,DNK
Brazil,BRA,BRA,,,,,,,DNK
Finland,FIN,FIN,,,,,,,DNK
Spain,ESP,ESP,,,,,,,DNK
Turkey,TUR,TUR,,,,,,,DNK
Morocco,MAR,,,,,,,,DNK
Austria,AUT,AUT,,,,,,,DNK
Portugal,POR,PRT,,,,,,,DNK
Suriname,SUR,,,,,,,,DNK
Sweden,SWE,SWE,,,,,,,DNK
Switzerland,SUI,CHE,,,,,,,DNK
Jamaica,JAM,,,,,,,,DNK
Argentina,ARG,,,,,,,,DNK
Chile,CHI,CHL,,,,,,,DNK
Costa Rica,CRC,CRI,,,,,,,DNK
Indonesia,INA,IDN,,,,,,,DNK
Islamic Republic of Iran,IRI,,,,,,,,DNK
Netherlands Antilles,AHO,,,,,,,,DNK
Peru,PER,,,,,,,,DNK
Senegal,SEN,,,,,,,,DNK
United States Virgin Islands,ISV,,,,,,,,DNK
Belgium,BEL,BEL,,,,,,,DNK
Mexico,MEX,MEX,,,,,,,DNK
Colombia,COL,COL,,,,,,,DNK
Djibouti,DJI,,,,,,,,DNK
Greece,GRE,GRC,,,,,,,DNK
Mongolia,MGL,,,,,,,,DNK
Pakistan,PAK,,,,,,,,DNK
Philippines,PHI,,,,,,,,DNK
Thailand,THA,,,,,,,,DNK
Unified Team,EUN,,,,,,,,DNK
United States,USA,USA,,,,,,,FIN
Germany,GER,DEU,,,,,,,FIN
China,CHN,,,,,,,,FIN
Cuba,CUB,,,,,,,,FIN
Spain,ESP,ESP,,,,,,,FIN
Republic of Korea,KOR,,,,,,,,FIN
Hungary,HUN,HUN,,,,,,,FIN
France,FRA,FRA,,,,,,,FIN
Australia,AUS,AUS,,,,,,,FIN
Canada,CAN,CAN,,,,,,,FIN
Italy,ITA,ITA,,,,,,,FIN
England,GBR,,,,,,,,FIN
Romania,ROU,,,,,,,,FIN
Czechoslovakia,TCH,,,,,,,,FIN
Democratic People's Republic of Korea,PRK,,,,,,,,FIN
Japan,JPN,JPN,,,,,,,FIN
Bulgaria,BUL,,,,,,,,FIN
Poland,POL,POL,,,,,,,FIN
Netherlands,NED,NLD,,,,,,,FIN
Kenya,KEN,,,,,,,,FIN
Norway,NOR,NOR,,,,,,,FIN
Turkey,TUR,TUR,,,,,,,FIN
Indonesia,INA,IDN,,,,,,,FIN
Brazil,BRA,BRA,,,,,,,FIN
Greece,GRE,GRC,,,,,,,FIN
Sweden,SWE,SWE,,,,,,,FIN
New Zealand,NZL,NZL,,,,,,,FIN
Finland,FIN,FIN,,,,,,,FIN
Denmark,DEN,DNK,,,,,,,FIN
Morocco,MAR,,,,,,,,FIN
Ireland,IRL,IRL,,,,,,,FIN
Ethiopia,ETH,,,,,,,,FIN
Algeria,ALG,,,,,,,,FIN
Estonia,EST,EST,,,,,,,FIN
Lithuania,LTU,LTU,,,,,,,FIN
Switzerland,SUI,CHE,,,,,,,FIN
Jamaica,JAM,,,,,,,,FIN
Nigeria,NGR,,,,,,,,FIN
Latvia,LAT,,,,,,,,FIN
Austria,AUT,AUT,,,,,,,FIN
Namibia,NAM,,,,,,,,FIN
South Africa,RSA,ZAF,,,,,,,FIN
Belgium,BEL,BEL,,,,,,,FIN
Croatia,CRO,,,,,,,,FIN
Individual Olympic Athletes,IOA,,,,,,,,FIN
Islamic Republic of Iran,IRI,,,,,,,,FIN
Israel,ISR,ISR,,,,,,,FIN
Chinese Taipei,TPE,,,,,,,,FIN
Mexico,MEX,MEX,,,,,,,FIN
Peru,PER,,,,,,,,FIN
Mongolia,MGL,,,,,,,,FIN
Slovenia,SLO,SVN,,,,,,,FRA
Argentina,ARG,,,,,,,,FRA
Colombia,COL,COL,,,,,,,FRA
Ghana,GHA,,,,,,,,FRA
Malaysia,MAS,,,,,,,,FRA
Pakistan,PAK,,,,,,,,FRA
Philippines,PHI,,,,,,,,FRA
Puerto Rico,PUR,,,,,,,,FRA
Qatar,QAT,,,,,,,,FRA
Suriname,SUR,,,,,,,,FRA
Thailand,THA,,,,,,,,FRA
The Bahamas,BAH,,,,,,,,FRA
United States,USA,USA,,,,,,,FRA
Russia,RUS,RUS,,,,,,,FRA
Germany,GER,DEU,,,,,,,FRA
China,CHN,,,,,,,,FRA
France,FRA,FRA,,,,,,,FRA
Italy,ITA,ITA,,,,,,,FRA
Australia,AUS,AUS,,,,,,,FRA
Cuba,CUB,,,,,,,,FRA
Ukraine,UKR,,,,,,,,FRA
Republic of Korea,KOR,,,,,,,,FRA
Poland,POL,POL,,,,,,,FRA
Hungary,HUN,HUN,,,,,,,FRA
Spain,ESP,ESP,,,,,,,FRA
Romania,ROU,,,,,,,,FRA
Netherlands,NED,NLD,,,,,,,FRA
Greece,GRE,GRC,,,,,,,FRA
Czech Republic,CZE,CZE,,,,,,,FRA
Switzerland,SUI,CHE,,,,,,,FRA
Denmark,DEN,DNK,,,,,,,FRA
Turkey,TUR,TUR,,,,,,,FRA
Canada,CAN,CAN,,,,,,,FRA
Bulgaria,BUL,,,,,,,,FRA
Japan,JPN,JPN,,,,,,,FRA
Kazakhstan,KAZ,,,,,,,,FRA
Brazil,BRA,BRA,,,,,,,FRA
New Zealand,NZL,NZL,,,,,,,FRA
South Africa,RSA,ZAF,,,,,,,FRA
Ireland,IRL,IRL,,,,,,,FRA
Sweden,SWE,SWE,,,,,,,FRA
Norway,NOR,NOR,,,,,,,FRA
Belgium,BEL,BEL,,,,,,,FRA
Nigeria,NGR,,,,,,,,FRA
Democratic People's Republic of Korea,PRK,,,,,,,,FRA
Algeria,ALG,,,,,,,,FRA
Ethiopia,ETH,,,,,,,,FRA
England,GBR,,,,,,,,FRA
Belarus,BLR,,,,,,,,FRA
Kenya,KEN,,,,,,,,FRA
Jamaica,JAM,,,,,,,,FRA
Finland,FIN,FIN,,,,,,,FRA
Indonesia,INA,IDN,,,,,,,FRA
Serbia and Montenegro,SCG,,,,,,,,FRA
Islamic Republic of Iran,IRI,,,,,,,,FRA
Slovakia,SVK,,,,,,,,FRA
Armenia,ARM,,,,,,,,FRA
Croatia,CRO,,,,,,,,FRA
Portugal,POR,PRT,,,,,,,FRA
Thailand,THA,,,,,,,,FRA
Burundi,BDI,,,,,,,,FRA
Costa Rica,CRC,CRI,,,,,,,DEU
Ecuador,ECU,,,,,,,,DEU
"Hong Kong, China",HKG,,,,,,,,DEU
Syrian Arab Republic,SYR,,,,,,,,DEU
Argentina,ARG,,,,,,,,DEU
Namibia,NAM,,,,,,,,DEU
Slovenia,SLO,SVN,,,,,,,DEU
Austria,AUT,AUT,,,,,,,DEU
Malaysia,MAS,,,,,,,,DEU
Republic of Moldova,MDA,,,,,,,,DEU
Uzbekistan,UZB,,,,,,,,DEU
Azerbaijan,AZE,,,,,,,,DEU
Chinese Taipei,TPE,,,,,,,,DEU
Latvia,LAT,,,,,,,,DEU
Philippines,PHI,,,,,,,,DEU
The Bahamas,BAH,,,,,,,,DEU
Tonga,TGA,,,,,,,,DEU
Zambia,ZAM,,,,,,,,DEU
Georgia,GEO,,,,,,,,DEU
Morocco,MAR,,,,,,,,DEU
Trinidad and Tobago,TTO,,,,,,,,DEU
India,IND,IND,,,,,,,DEU
Israel,ISR,ISR,,,,,,,DEU
Lithuania,LTU,LTU,,,,,,,DEU
Mexico,MEX,MEX,,,,,,,DEU
Mongolia,MGL,,,,,,,,DEU
Mozambique,MOZ,,,,,,,,DEU
Puerto Rico,PUR,,,,,,,,DEU
Tunisia,TUN,,,,,,,,DEU
Uganda,UGA,,,,,,,,DEU
United States,USA,USA,,,,,,,DEU
Russia,RUS,RUS,,,,,,,DEU
China,CHN,,,,,,,,DEU
Australia,AUS,AUS,,,,,,,DEU
Germany,GER,DEU,,,,,,,DEU
France,FRA,FRA,,,,,,,DEU
Italy,ITA,ITA,,,,,,,DEU
Netherlands,NED,NLD,,,,,,,DEU
Cuba,CUB,,,,,,,,DEU
England,GBR,,,,,,,,DEU
Romania,ROU,,,,,,,,DEU
Republic of Korea,KOR,,,,,,,,DEU
Hungary,HUN,HUN,,,,,,,DEU
Poland,POL,POL,,,,,,,DEU
Japan,JPN,JPN,,,,,,,DEU
Bulgaria,BUL,,,,,,,,DEU
Greece,GRE,GRC,,,,,,,DEU
Sweden,SWE,SWE,,,,,,,DEU
Norway,NOR,NOR,,,,,,,DEU
Ethiopia,ETH,,,,,,,,DEU
Ukraine,UKR,,,,,,,,DEU
Kazakhstan,KAZ,,,,,,,,GRC
Belarus,BLR,,,,,,,,GRC
Canada,CAN,CAN,,,,,,,GRC
Spain,ESP,ESP,,,,,,,GRC
Turkey,TUR,TUR,,,,,,,GRC
Islamic Republic of Iran,IRI,,,,,,,,GRC
Czech Republic,CZE,CZE,,,,,,,GRC
Kenya,KEN,,,,,,,,GRC
Denmark,DEN,DNK,,,,,,,GRC
Finland,FIN,FIN,,,,,,,GRC
Austria,AUT,AUT,,,,,,,GRC
Lithuania,LTU,LTU,,,,,,,GRC
Azerbaijan,AZE,,,,,,,,GRC
The Bahamas,BAH,,,,,,,,GRC
Slovenia,SLO,SVN,,,,,,,GRC
Switzerland,SUI,CHE,,,,,,,GRC
Indonesia,INA,IDN,,,,,,,GRC
Slovakia,SVK,,,,,,,,GRC
Mexico,MEX,MEX,,,,,,,GRC
Nigeria,NGR,,,,,,,,GRC
Algeria,ALG,,,,,,,,GRC
Uzbekistan,UZB,,,,,,,,GRC
Latvia,LAT,,,,,,,,GRC
Serbia and Montenegro,SCG,,,,,,,,GRC
New Zealand,NZL,NZL,,,,,,,GRC
Estonia,EST,EST,,,,,,,GRC
Thailand,THA,,,,,,,,GRC
Croatia,CRO,,,,,,,,GRC
Cameroon,CMR,,,,,,,,GRC
Colombia,COL,COL,,,,,,,GRC
Mozambique,MOZ,,,,,,,,GRC
Brazil,BRA,BRA,,,,,,,GRC
Jamaica,JAM,,,,,,,,GRC
Belgium,BEL,BEL,,,,,,,GRC
South Africa,RSA,ZAF,,,,,,,GRC
Argentina,ARG,,,,,,,,GRC
Chinese Taipei,TPE,,,,,,,,GRC
Morocco,MAR,,,,,,,,GRC
Democratic People's Republic of Korea,PRK,,,,,,,,GRC
Kingdom of Saudi Arabia,KSA,,,,,,,,GRC
Republic of Moldova,MDA,,,,,,,,GRC
Trinidad and Tobago,TTO,,,,,,,,GRC
Ireland,IRL,IRL,,,,,,,GRC
Sri Lanka,SRI,,,,,,,,GRC
Uruguay,URU,,,,,,,,GRC
Vietnam,VIE,,,,,,,,GRC
Georgia,GEO,,,,,,,,GRC
Costa Rica,CRC,CRI,,,,,,,GRC
Portugal,POR,PRT,,,,,,,GRC
Armenia,ARM,,,,,,,,GRC
Barbados,BAR,,,,,,,,GRC
Chile,CHI,CHL,,,,,,,GRC
Iceland,ISL,ISL,,,,,,,GRC
India,IND,IND,,,,,,,GRC
Israel,ISR,ISR,,,,,,,GRC
Kuwait,KUW,,,,,,,,GRC
Kyrgyzstan,KGZ,,,,,,,,GRC
North Macedonia,MKD,,,,,,,,GRC
Qatar,QAT,,,,,,,,GRC
United States,USA,USA,,,,,,,GRC
China,CHN,,,,,,,,GRC
Russia,RUS,RUS,,,,,,,HUN
Australia,AUS,AUS,,,,,,,HUN
Japan,JPN,JPN,,,,,,,HUN
Germany,GER,DEU,,,,,,,HUN
France,FRA,FRA,,,,,,,HUN
Italy,ITA,ITA,,,,,,,HUN
Republic of Korea,KOR,,,,,,,,HUN
England,GBR,,,,,,,,HUN
Cuba,CUB,,,,,,,,HUN
Hungary,HUN,HUN,,,,,,,HUN
Ukraine,UKR,,,,,,,,HUN
Romania,ROU,,,,,,,,HUN
Greece,GRE,GRC,,,,,,,HUN
Brazil,BRA,BRA,,,,,,,HUN
Norway,NOR,NOR,,,,,,,HUN
Netherlands,NED,NLD,,,,,,,HUN
Sweden,SWE,SWE,,,,,,,HUN
Spain,ESP,ESP,,,,,,,HUN
Canada,CAN,CAN,,,,,,,HUN
Turkey,TUR,TUR,,,,,,,HUN
Poland,POL,POL,,,,,,,HUN
New Zealand,NZL,NZL,,,,,,,HUN
Thailand,THA,,,,,,,,HUN
Belarus,BLR,,,,,,,,HUN
Austria,AUT,AUT,,,,,,,HUN
Ethiopia,ETH,,,,,,,,HUN
Islamic Republic of Iran,IRI,,,,,,,,HUN
Slovakia,SVK,,,,,,,,HUN
Chinese Taipei,TPE,,,,,,,,HUN
Georgia,GEO,,,,,,,,HUN
Bulgaria,BUL,,,,,,,,ISL
Denmark,DEN,DNK,,,,,,,ISL
Jamaica,JAM,,,,,,,,ISL
Uzbekistan,UZB,,,,,,,,ISL
Morocco,MAR,,,,,,,,ISL
Argentina,ARG,,,,,,,,ISL
Chile,CHI,CHL,,,,,,,ISL
Kazakhstan,KAZ,,,,,,,,ISL
Kenya,KEN,,,,,,,,ISL
Czech Republic,CZE,CZE,,,,,,,ISL
South Africa,RSA,ZAF,,,,,,,ISL
Croatia,CRO,,,,,,,,ISL
Lithuania,LTU,LTU,,,,,,,ISL
Egypt,EGY,,,,,,,,ISL
Switzerland,SUI,CHE,,,,,,,ISL
Indonesia,INA,IDN,,,,,,,ISL
Zimbabwe,ZIM,,,,,,,,ISL
Azerbaijan,AZE,,,,,,,,ISL
Belgium,BEL,BEL,,,,,,,ISL
Israel,ISR,ISR,,,,,,,ISL
The Bahamas,BAH,,,,,,,,ISL
Cameroon,CMR,,,,,,,,ISL
Dominican Republic,DOM,,,,,,,,ISL
United Arab Emirates,UAE,,,,,,,,ISL
Democratic People's Republic of Korea,PRK,,,,,,,,ISL
Latvia,LAT,LVA,,,,,,,ISL
Mexico,MEX,MEX,,,,,,,ISL
Portugal,POR,PRT,,,,,,,ISL
Finland,FIN,FIN,,,,,,,ISL
Serbia and Montenegro,SCG,,,,,,,,ISL
Slovenia,SLO,SVN,,,,,,,ISL
Estonia,EST,EST,,,,,,,ISL
"Hong Kong, China",HKG,,,,,,,,ISL
India,IND,IND,,,,,,,ISL
Paraguay,PAR,,,,,,,,ISL
Colombia,COL,COL,,,,,,,ISL
Nigeria,NGR,,,,,,,,ISL
Venezuela,VEN,,,,,,,,ISL
Eritrea,ERI,,,,,,,,ISL
Mongolia,MGL,,,,,,,,ISL
Syrian Arab Republic,SYR,,,,,,,,ISL
Trinidad and Tobago,TTO,,,,,,,,ISL
China,CHN,,,,,,,,ISL
United States,USA,USA,,,,,,,ISL
Russia,RUS,RUS,,,,,,,ISL
England,GBR,,,,,,,,ISL
Germany,GER,DEU,,,,,,,ISL
Australia,AUS,AUS,,,,,,,ISL
Republic of Korea,KOR,,,,,,,,ISL
Japan,JPN,JPN,,,,,,,ISL
Italy,ITA,ITA,,,,,,,ISL
France,FRA,FRA,,,,,,,IRL
Netherlands,NED,NLD,,,,,,,IRL
Ukraine,UKR,,,,,,,,IRL
Kenya,KEN,,,,,,,,IRL
Spain,ESP,ESP,,,,,,,IRL
Jamaica,JAM,,,,,,,,IRL
Poland,POL,POL,,,,,,,IRL
Ethiopia,ETH,,,,,,,,IRL
Romania,ROU,,,,,,,,IRL
Cuba,CUB,,,,,,,,IRL
Canada,CAN,CAN,,,,,,,IRL
Hungary,HUN,HUN,,,,,,,IRL
Norway,NOR,NOR,,,,,,,IRL
Brazil,BRA,BRA,,,,,,,IRL
Belarus,BLR,,,,,,,,IRL
Czech Republic,CZE,CZE,,,,,,,IRL
Slovakia,SVK,,,,,,,,IRL
New Zealand,NZL,NZL,,,,,,,IRL
Georgia,GEO,,,,,,,,IRL
Kazakhstan,KAZ,,,,,,,,IRL
Denmark,DEN,DNK,,,,,,,IRL
Democratic People's Republic of Korea,PRK,,,,,,,,IRL
Thailand,THA,,,,,,,,IRL
Mongolia,MGL,,,,,,,,IRL
Switzerland,SUI,CHE,,,,,,,IRL
Argentina,ARG,,,,,,,,IRL
Mexico,MEX,MEX,,,,,,,IRL
Belgium,BEL,BEL,,,,,,,IRL
Zimbabwe,ZIM,,,,,,,,IRL
Slovenia,SLO,SVN,,,,,,,IRL
Azerbaijan,AZE,,,,,,,,IRL
Indonesia,INA,IDN,,,,,,,IRL
Bulgaria,BUL,,,,,,,,IRL
Turkey,TUR,TUR,,,,,,,IRL
Chinese Taipei,TPE,,,,,,,,IRL
Finland,FIN,FIN,,,,,,,IRL
Latvia,LAT,LVA,,,,,,,IRL
Dominican Republic,DOM,,,,,,,,IRL
Estonia,EST,EST,,,,,,,IRL
Portugal,POR,PRT,,,,,,,IRL
Trinidad and Tobago,TTO,,,,,,,,IRL
India,IND,IND,,,,,,,IRL
Islamic Republic of Iran,IRI,,,,,,,,IRL
Cameroon,CMR,,,,,,,,IRL
Panama,PAN,,,,,,,,IRL
Tunisia,TUN,,,,,,,,IRL
Sweden,SWE,SWE,,,,,,,IRL
Lithuania,LTU,LTU,,,,,,,IRL
Nigeria,NGR,,,,,,,,IRL
Croatia,CRO,,,,,,,,IRL
Colombia,COL,COL,,,,,,,IRL
Greece,GRE,GRC,,,,,,,ITA
Armenia,ARM,,,,,,,,ITA
Uzbekistan,UZB,,,,,,,,ITA
Austria,AUT,AUT,,,,,,,ITA
Ireland,IRL,IRL,,,,,,,ITA
Kyrgyzstan,KGZ,,,,,,,,ITA
Serbia,SRB,,,,,,,,ITA
Algeria,ALG,,,,,,,,ITA
Morocco,MAR,,,,,,,,ITA
Tajikistan,TJK,,,,,,,,ITA
The Bahamas,BAH,,,,,,,,ITA
Chile,CHI,CHL,,,,,,,ITA
Ecuador,ECU,,,,,,,,ITA
Iceland,ISL,ISL,,,,,,,ITA
Malaysia,MAS,,,,,,,,ITA
Samoa,SAM,,,,,,,,ITA
Singapore,SGP,,,,,,,,ITA
South Africa,RSA,ZAF,,,,,,,ITA
Sudan,SUD,,,,,,,,ITA
Vietnam,VIE,,,,,,,,ITA
Egypt,EGY,,,,,,,,ITA
Afghanistan,AFG,,,,,,,,ITA
Israel,ISR,ISR,,,,,,,ITA
Mauritius,MRI,,,,,,,,ITA
Republic of Moldova,MDA,,,,,,,,ITA
Togo,TOG,,,,,,,,ITA
Venezuela,VEN,,,,,,,,ITA
United States,USA,USA,,,,,,,ITA
China,CHN,,,,,,,,ITA
England,GBR,,,,,,,,ITA
Russia,RUS,RUS,,,,,,,ITA
Republic of Korea,KOR,,,,,,,,ITA
Germany,GER,DEU,,,,,,,ITA
France,FRA,FRA,,,,,,,ITA
Australia,AUS,AUS,,,,,,,ITA
Italy,ITA,ITA,,,,,,,ITA
Hungary,HUN,HUN,,,,,,,ITA
Japan,JPN,JPN,,,,,,,ITA
Islamic Republic of Iran,IRI,,,,,,,,ITA
Netherlands,NED,NLD,,,,,,,ITA
New Zealand,NZL,NZL,,,,,,,ITA
Ukraine,UKR,,,,,,,,ITA
Cuba,CUB,,,,,,,,ITA
Spain,ESP,ESP,,,,,,,ITA
Jamaica,JAM,,,,,,,,ITA
Czech Republic,CZE,CZE,,,,,,,ITA
South Africa,RSA,ZAF,,,,,,,ITA
Democratic People's Republic of Korea,PRK,,,,,,,,ITA
Brazil,BRA,BRA,,,,,,,ITA
Poland,POL,POL,,,,,,,ITA
Ethiopia,ETH,,,,,,,,ITA
Kazakhstan,KAZ,,,,,,,,JPN
Croatia,CRO,,,,,,,,JPN
Canada,CAN,CAN,,,,,,,JPN
Belarus,BLR,,,,,,,,JPN
Kenya,KEN,,,,,,,,JPN
Denmark,DEN,DNK,,,,,,,JPN
Romania,ROU,,,,,,,,JPN
Azerbaijan,AZE,,,,,,,,JPN
Switzerland,SUI,CHE,,,,,,,JPN
Norway,NOR,NOR,,,,,,,JPN
Lithuania,LTU,LTU,,,,,,,JPN
Tunisia,TUN,,,,,,,,JPN
Sweden,SWE,SWE,,,,,,,JPN
Colombia,COL,COL,,,,,,,JPN
Mexico,MEX,MEX,,,,,,,JPN
Georgia,GEO,,,,,,,,JPN
Ireland,IRL,IRL,,,,,,,JPN
Argentina,ARG,,,,,,,,JPN
Serbia,SRB,,,,,,,,JPN
Slovenia,SLO,SVN,,,,,,,JPN
Trinidad and Tobago,TTO,,,,,,,,JPN
Turkey,TUR,TUR,,,,,,,JPN
Dominican Republic,DOM,,,,,,,,JPN
Chinese Taipei,TPE,,,,,,,,JPN
Latvia,LAT,LVA,,,,,,,JPN
Algeria,ALG,,,,,,,,JPN
Bahrain,BRN,,,,,,,,JPN
Grenada,GRN,,,,,,,,JPN
The Bahamas,BAH,,,,,,,,JPN
Uganda,UGA,,,,,,,,JPN
Venezuela,VEN,,,,,,,,JPN
Egypt,EGY,,,,,,,,JPN
India,IND,IND,,,,,,,JPN
Mongolia,MGL,,,,,,,,JPN
Thailand,THA,,,,,,,,JPN
Bulgaria,BUL,,,,,,,,JPN
Finland,FIN,FIN,,,,,,,JPN
Indonesia,INA,IDN,,,,,,,JPN
Slovakia,SVK,,,,,,,,JPN
Belgium,BEL,BEL,,,,,,,JPN
Armenia,ARM,,,,,,,,JPN
Estonia,EST,EST,,,,,,,JPN
Malaysia,MAS,,,,,,,,JPN
Puerto Rico,PUR,,,,,,,,JPN
Botswana,BOT,,,,,,,,JPN
Cyprus,CYP,,,,,,,,JPN
Gabon,GAB,,,,,,,,JPN
Guatemala,GUA,,,,,,,,JPN
Montenegro,MNE,,,,,,,,JPN
Portugal,POR,PRT,,,,,,,JPN
Uzbekistan,UZB,,,,,,,,JPN
Greece,GRE,GRC,,,,,,,KOR
Qatar,QAT,,,,,,,,KOR
Singapore,SGP,,,,,,,,KOR
Afghanistan,AFG,,,,,,,,KOR
Cameroon,CMR,,,,,,,,KOR
"Hong Kong, China",HKG,,,,,,,,KOR
Kingdom of Saudi Arabia,KSA,,,,,,,,KOR
Kuwait,KUW,,,,,,,,KOR
Morocco,MAR,,,,,,,,KOR
Tajikistan,TJK,,,,,,,,KOR
Vietnam,VIE,,,,,,,,KOR
United States,USA,USA,,,,,,,KOR
England,GBR,,,,,,,,KOR
China,CHN,,,,,,,,KOR
Russia,RUS,RUS,,,,,,,KOR
Germany,GER,DEU,,,,,,,KOR
Japan,JPN,JPN,,,,,,,KOR
France,FRA,FRA,,,,,,,KOR
Republic of Korea,KOR,,,,,,,,KOR
Italy,ITA,ITA,,,,,,,KOR
Australia,AUS,AUS,,,,,,,KOR
Netherlands,NED,NLD,,,,,,,KOR
Hungary,HUN,HUN,,,,,,,KOR
Brazil,BRA,BRA,,,,,,,KOR
Spain,ESP,ESP,,,,,,,KOR
Kenya,KEN,,,,,,,,KOR
Jamaica,JAM,,,,,,,,KOR
Croatia,CRO,,,,,,,,KOR
Cuba,CUB,,,,,,,,KOR
New Zealand,NZL,NZL,,,,,,,KOR
Canada,CAN,CAN,,,,,,,KOR
Uzbekistan,UZB,,,,,,,,KOR
Kazakhstan,KAZ,,,,,,,,KOR
Colombia,COL,COL,,,,,,,KOR
Switzerland,SUI,CHE,,,,,,,KOR
Islamic Republic of Iran,IRI,,,,,,,,KOR
Greece,GRE,GRC,,,,,,,KOR
Argentina,ARG,,,,,,,,KOR
Denmark,DEN,DNK,,,,,,,KOR
Sweden,SWE,SWE,,,,,,,KOR
South Africa,RSA,ZAF,,,,,,,KOR
Ukraine,UKR,,,,,,,,KOR
Serbia,SRB,,,,,,,,KOR
Poland,POL,POL,,,,,,,KOR
Democratic People's Republic of Korea,PRK,,,,,,,,KOR
Belgium,BEL,BEL,,,,,,,KOR
Thailand,THA,,,,,,,,KOR
Slovakia,SVK,,,,,,,,KOR
Georgia,GEO,,,,,,,,KOR
Azerbaijan,AZE,,,,,,,,KOR
Belarus,BLR,,,,,,,,KOR
Turkey,TUR,TUR,,,,,,,LUX
Armenia,ARM,,,,,,,,LUX
Czech Republic,CZE,CZE,,,,,,,LUX
Ethiopia,ETH,,,,,,,,LUX
Slovenia,SLO,SVN,,,,,,,LUX
Indonesia,INA,IDN,,,,,,,LUX
Romania,ROU,,,,,,,,LUX
Bahrain,BRN,,,,,,,,LUX
Vietnam,VIE,,,,,,,,LUX
Chinese Taipei,TPE,,,,,,,,LUX
CÃ´te d'Ivoire,CIV,,,,,,,,LUX
Individual Olympic Athletes,IOA,,,,,,,,LUX
The Bahamas,BAH,,,,,,,,LUX
Fiji,FIJ,,,,,,,,LUX
Jordan,JOR,,,,,,,,LUX
Kosovo,KOS,,,,,,,,LUX
Puerto Rico,PUR,,,,,,,,LUX
Singapore,SGP,,,,,,,,LUX
Tajikistan,TJK,,,,,,,,LUX
Malaysia,MAS,,,,,,,,LUX
Mexico,MEX,MEX,,,,,,,LUX
Venezuela,VEN,,,,,,,,LUX
Algeria,ALG,,,,,,,,LUX
Ireland,IRL,IRL,,,,,,,LUX
Lithuania,LTU,LTU,,,,,,,LUX
Bulgaria,BUL,,,,,,,,LUX
India,IND,IND,,,,,,,LUX
Mongolia,MGL,,,,,,,,LUX
Burundi,BDI,,,,,,,,LUX
Grenada,GRN,,,,,,,,LUX
Niger,NIG,,,,,,,,LUX
Philippines,PHI,,,,,,,,LUX
Qatar,QAT,,,,,,,,LUX
Norway,NOR,NOR,,,,,,,LUX
Egypt,EGY,,,,,,,,LUX
Tunisia,TUN,,,,,,,,LUX
Israel,ISR,ISR,,,,,,,LUX
Austria,AUT,AUT,,,,,,,LUX
Dominican Republic,DOM,,,,,,,,LUX
Estonia,EST,EST,,,,,,,LUX
Finland,FIN,FIN,,,,,,,LUX
Morocco,MAR,,,,,,,,LUX
Nigeria,NGR,,,,,,,,LUX
Portugal,POR,PRT,,,,,,,LUX
Trinidad and Tobago,TTO,,,,,,,,LUX
United Arab Emirates,UAE,,,,,,,,LUX
,,,,,,,,,LUX
,,,,,,,,,LUX
,,,,,,,,,LUX
,,,,,,,,,LUX
,,,,,,,,,LUX
,,,,,,,,,MEX
,,,,,,,,,MEX
,,,,,,,,,MEX
,,,,,,,,,MEX
,,,,,,,,,MEX
,,,,,,,,,MEX
,,,,,,,,,MEX
,,,,,,,,,MEX
,,,,,,,,,MEX
,,,,,,,,,MEX
,,,,,,,,,MEX
,,,,,,,,,MEX
,,,,,,,,,MEX
,,,,,,,,,MEX
,,,,,,,,,MEX
,,,,,,,,,MEX
,,,,,,,,,MEX
,,,,,,,,,MEX
,,,,,,,,,MEX
,,,,,,,,,MEX
,,,,,,,,,MEX
,,,,,,,,,MEX
,,,,,,,,,MEX
,,,,,,,,,MEX
,,,,,,,,,MEX
,,,,,,,,,MEX
,,,,,,,,,MEX
,,,,,,,,,MEX
,,,,,,,,,MEX
,,,,,,,,,MEX
,,,,,,,,,MEX
,,,,,,,,,MEX
,,,,,,,,,MEX
,,,,,,,,,MEX
,,,,,,,,,MEX
,,,,,,,,,MEX
,,,,,,,,,MEX
,,,,,,,,,MEX
,,,,,,,,,MEX
,,,,,,,,,MEX
,,,,,,,,,MEX
,,,,,,,,,MEX
,,,,,,,,,MEX
,,,,,,,,,MEX
,,,,,,,,,MEX
,,,,,,,,,MEX
,,,,,,,,,MEX
,,,,,,,,,MEX
,,,,,,,,,MEX
,,,,,,,,,MEX
,,,,,,,,,MEX
,,,,,,,,,NLD
,,,,,,,,,NLD
,,,,,,,,,NLD
,,,,,,,,,NLD
,,,,,,,,,NLD
,,,,,,,,,NLD
,,,,,,,,,NLD
,,,,,,,,,NLD
,,,,,,,,,NLD
,,,,,,,,,NLD
,,,,,,,,,NLD
,,,,,,,,,NLD
,,,,,,,,,NLD
,,,,,,,,,NLD
,,,,,,,,,NLD
,,,,,,,,,NLD
,,,,,,,,,NLD
,,,,,,,,,NLD
,,,,,,,,,NLD
,,,,,,,,,NLD
,,,,,,,,,NLD
,,,,,,,,,NLD
,,,,,,,,,NLD
,,,,,,,,,NLD
,,,,,,,,,NLD
,,,,,,,,,NLD
,,,,,,,,,NLD
,,,,,,,,,NLD
,,,,,,,,,NLD
,,,,,,,,,NLD
,,,,,,,,,NLD
,,,,,,,,,NLD
,,,,,,,,,NLD
,,,,,,,,,NLD
,,,,,,,,,NLD
,,,,,,,,,NLD
,,,,,,,,,NLD
,,,,,,,,,NLD
,,,,,,,,,NLD
,,,,,,,,,NLD
,,,,,,,,,NLD
,,,,,,,,,NLD
,,,,,,,,,NLD
,,,,,,,,,NLD
,,,,,,,,,NLD
,,,,,,,,,NLD
,,,,,,,,,NLD
,,,,,,,,,NLD
,,,,,,,,,NLD
,,,,,,,,,NLD
,,,,,,,,,NLD
,,,,,,,,,NLD
,,,,,,,,,NZL
,,,,,,,,,NZL
,,,,,,,,,NZL
,,,,,,,,,NZL
,,,,,,,,,NZL
,,,,,,,,,NZL
,,,,,,,,,NZL
,,,,,,,,,NZL
,,,,,,,,,NZL
,,,,,,,,,NZL
,,,,,,,,,NZL
,,,,,,,,,NZL
,,,,,,,,,NZL
,,,,,,,,,NZL
,,,,,,,,,NZL
,,,,,,,,,NZL
,,,,,,,,,NZL
,,,,,,,,,NZL
,,,,,,,,,NZL
,,,,,,,,,NZL
,,,,,,,,,NZL
,,,,,,,,,NZL
,,,,,,,,,NZL
,,,,,,,,,NZL
,,,,,,,,,NZL
,,,,,,,,,NZL
,,,,,,,,,NZL
,,,,,,,,,NZL
,,,,,,,,,NZL
,,,,,,,,,NZL
,,,,,,,,,NZL
,,,,,,,,,NZL
,,,,,,,,,NZL
,,,,,,,,,NZL
,,,,,,,,,NZL
,,,,,,,,,NZL
,,,,,,,,,NZL
,,,,,,,,,NZL
,,,,,,,,,NZL
,,,,,,,,,NZL
,,,,,,,,,NZL
,,,,,,,,,NZL
,,,,,,,,,NZL
,,,,,,,,,NZL
,,,,,,,,,NZL
,,,,,,,,,NZL
,,,,,,,,,NZL
,,,,,,,,,NZL
,,,,,,,,,NZL
,,,,,,,,,NZL
,,,,,,,,,NZL
,,,,,,,,,NOR
,,,,,,,,,NOR
,,,,,,,,,NOR
,,,,,,,,,NOR
,,,,,,,,,NOR
,,,,,,,,,NOR
,,,,,,,,,NOR
,,,,,,,,,NOR
,,,,,,,,,NOR
,,,,,,,,,NOR
,,,,,,,,,NOR
,,,,,,,,,NOR
,,,,,,,,,NOR
,,,,,,,,,NOR
,,,,,,,,,NOR
,,,,,,,,,NOR
,,,,,,,,,NOR
,,,,,,,,,NOR
,,,,,,,,,NOR
,,,,,,,,,NOR
,,,,,,,,,NOR
,,,,,,,,,NOR
,,,,,,,,,NOR
,,,,,,,,,NOR
,,,,,,,,,NOR
,,,,,,,,,NOR
,,,,,,,,,NOR
,,,,,,,,,NOR
,,,,,,,,,NOR
,,,,,,,,,NOR
,,,,,,,,,NOR
,,,,,,,,,NOR
,,,,,,,,,NOR
,,,,,,,,,NOR
,,,,,,,,,NOR
,,,,,,,,,NOR
,,,,,,,,,NOR
,,,,,,,,,NOR
,,,,,,,,,NOR
,,,,,,,,,NOR
,,,,,,,,,NOR
,,,,,,,,,NOR
,,,,,,,,,NOR
,,,,,,,,,NOR
,,,,,,,,,NOR
,,,,,,,,,NOR
,,,,,,,,,NOR
,,,,,,,,,NOR
,,,,,,,,,NOR
,,,,,,,,,NOR
,,,,,,,,,NOR
,,,,,,,,,POL
,,,,,,,,,POL
,,,,,,,,,POL
,,,,,,,,,POL
,,,,,,,,,POL
,,,,,,,,,POL
,,,,,,,,,POL
,,,,,,,,,POL
,,,,,,,,,POL
,,,,,,,,,POL
,,,,,,,,,POL
,,,,,,,,,POL
,,,,,,,,,POL
,,,,,,,,,POL
,,,,,,,,,POL
,,,,,,,,,POL
,,,,,,,,,POL
,,,,,,,,,POL
,,,,,,,,,POL
,,,,,,,,,POL
,,,,,,,,,POL
,,,,,,,,,POL
,,,,,,,,,POL
,,,,,,,,,POL
,,,,,,,,,POL
,,,,,,,,,POL
,,,,,,,,,POL
,,,,,,,,,POL
,,,,,,,,,POL
,,,,,,,,,POL
,,,,,,,,,POL
,,,,,,,,,PRT
,,,,,,,,,PRT
,,,,,,,,,PRT
,,,,,,,,,PRT
,,,,,,,,,PRT
,,,,,,,,,PRT
,,,,,,,,,PRT
,,,,,,,,,PRT
,,,,,,,,,PRT
,,,,,,,,,PRT
,,,,,,,,,PRT
,,,,,,,,,PRT
,,,,,,,,,PRT
,,,,,,,,,PRT
,,,,,,,,,PRT
,,,,,,,,,PRT
,,,,,,,,,PRT
,,,,,,,,,PRT
,,,,,,,,,PRT
,,,,,,,,,PRT
,,,,,,,,,PRT
,,,,,,,,,PRT
,,,,,,,,,PRT
,,,,,,,,,PRT
,,,,,,,,,PRT
,,,,,,,,,PRT
,,,,,,,,,PRT
,,,,,,,,,PRT
,,,,,,,,,PRT
,,,,,,,,,PRT
,,,,,,,,,PRT
,,,,,,,,,PRT
,,,,,,,,,PRT
,,,,,,,,,PRT
,,,,,,,,,PRT
,,,,,,,,,PRT
,,,,,,,,,PRT
,,,,,,,,,PRT
,,,,,,,,,PRT
,,,,,,,,,PRT
,,,,,,,,,PRT
,,,,,,,,,PRT
,,,,,,,,,PRT
,,,,,,,,,PRT
,,,,,,,,,PRT
,,,,,,,,,PRT
,,,,,,,,,PRT
,,,,,,,,,PRT
,,,,,,,,,PRT
,,,,,,,,,PRT
,,,,,,,,,PRT
,,,,,,,,,SVK
,,,,,,,,,SVK
,,,,,,,,,SVK
,,,,,,,,,SVK
,,,,,,,,,SVK
,,,,,,,,,SVK
,,,,,,,,,SVK
,,,,,,,,,SVK
,,,,,,,,,SVK
,,,,,,,,,SVK
,,,,,,,,,SVK
,,,,,,,,,SVK
,,,,,,,,,SVK
,,,,,,,,,SVK
,,,,,,,,,SVK
,,,,,,,,,SVK
,,,,,,,,,SVK
,,,,,,,,,SVK
,,,,,,,,,SVK
,,,,,,,,,SVK
,,,,,,,,,SVK
,,,,,,,,,SVK
,,,,,,,,,SVK
,,,,,,,,,SVK
,,,,,,,,,SVK
,,,,,,,,,SVK
,,,,,,,,,SVK
,,,,,,,,,SVK
,,,,,,,,,SVK
,,,,,,,,,ESP
,,,,,,,,,ESP
,,,,,,,,,ESP
,,,,,,,,,ESP
,,,,,,,,,ESP
,,,,,,,,,ESP
,,,,,,,,,ESP
,,,,,,,,,ESP
,,,,,,,,,ESP
,,,,,,,,,ESP
,,,,,,,,,ESP
,,,,,,,,,ESP
,,,,,,,,,ESP
,,,,,,,,,ESP
,,,,,,,,,ESP
,,,,,,,,,ESP
,,,,,,,,,ESP
,,,,,,,,,ESP
,,,,,,,,,ESP
,,,,,,,,,ESP
,,,,,,,,,ESP
,,,,,,,,,ESP
,,,,,,,,,ESP
,,,,,,,,,ESP
,,,,,,,,,ESP
,,,,,,,,,ESP
,,,,,,,,,ESP
,,,,,,,,,ESP
,,,,,,,,,ESP
,,,,,,,,,ESP
,,,,,,,,,ESP
,,,,,,,,,ESP
,,,,,,,,,ESP
,,,,,,,,,ESP
,,,,,,,,,ESP
,,,,,,,,,ESP
,,,,,,,,,ESP
,,,,,,,,,ESP
,,,,,,,,,ESP
,,,,,,,,,ESP
,,,,,,,,,ESP
,,,,,,,,,ESP
,,,,,,,,,ESP
,,,,,,,,,ESP
,,,,,,,,,ESP
,,,,,,,,,ESP
,,,,,,,,,ESP
,,,,,,,,,ESP
,,,,,,,,,ESP
,,,,,,,,,ESP
,,,,,,,,,ESP
,,,,,,,,,SWE
,,,,,,,,,SWE
,,,,,,,,,SWE
,,,,,,,,,SWE
,,,,,,,,,SWE
,,,,,,,,,SWE
,,,,,,,,,SWE
,,,,,,,,,SWE
,,,,,,,,,SWE
,,,,,,,,,SWE
,,,,,,,,,SWE
,,,,,,,,,SWE
,,,,,,,,,SWE
,,,,,,,,,SWE
,,,,,,,,,SWE
,,,,,,,,,SWE
,,,,,,,,,SWE
,,,,,,,,,SWE
,,,,,,,,,SWE
,,,,,,,,,SWE
,,,,,,,,,SWE
,,,,,,,,,SWE
,,,,,,,,,SWE
,,,,,,,,,SWE
,,,,,,,,,SWE
,,,,,,,,,SWE
,,,,,,,,,SWE
,,,,,,,,,SWE
,,,,,,,,,SWE
,,,,,,,,,SWE
,,,,,,,,,SWE
,,,,,,,,,SWE
,,,,,,,,,SWE
,,,,,,,,,SWE
,,,,,,,,,SWE
,,,,,,,,,SWE
,,,,,,,,,SWE
,,,,,,,,,SWE
,,,,,,,,,SWE
,,,,,,,,,SWE
,,,,,,,,,SWE
,,,,,,,,,SWE
,,,,,,,,,SWE
,,,,,,,,,SWE
,,,,,,,,,SWE
,,,,,,,,,SWE
,,,,,,,,,SWE
,,,,,,,,,SWE
,,,,,,,,,SWE
,,,,,,,,,SWE
,,,,,,,,,SWE
,,,,,,,,,SWE
,,,,,,,,,SWE
,,,,,,,,,SWE
,,,,,,,,,SWE
,,,,,,,,,SWE
,,,,,,,,,SWE
,,,,,,,,,SWE
,,,,,,,,,SWE
,,,,,,,,,SWE
,,,,,,,,,SWE
,,,,,,,,,CHE
,,,,,,,,,CHE
,,,,,,,,,CHE
,,,,,,,,,CHE
,,,,,,,,,CHE
,,,,,,,,,CHE
,,,,,,,,,CHE
,,,,,,,,,CHE
,,,,,,,,,CHE
,,,,,,,,,CHE
,,,,,,,,,CHE
,,,,,,,,,CHE
,,,,,,,,,CHE
,,,,,,,,,CHE
,,,,,,,,,CHE
,,,,,,,,,CHE
,,,,,,,,,CHE
,,,,,,,,,CHE
,,,,,,,,,CHE
,,,,,,,,,CHE
,,,,,,,,,CHE
,,,,,,,,,CHE
,,,,,,,,,CHE
,,,,,,,,,CHE
,,,,,,,,,CHE
,,,,,,,,,CHE
,,,,,,,,,CHE
,,,,,,,,,CHE
,,,,,,,,,CHE
,,,,,,,,,CHE
,,,,,,,,,CHE
,,,,,,,,,CHE
,,,,,,,,,CHE
,,,,,,,,,CHE
,,,,,,,,,CHE
,,,,,,,,,CHE
,,,,,,,,,CHE
,,,,,,,,,CHE
,,,,,,,,,CHE
,,,,,,,,,CHE
,,,,,,,,,CHE
,,,,,,,,,CHE
,,,,,,,,,CHE
,,,,,,,,,CHE
,,,,,,,,,CHE
,,,,,,,,,CHE
,,,,,,,,,CHE
,,,,,,,,,CHE
,,,,,,,,,CHE
,,,,,,,,,CHE
,,,,,,,,,CHE
,,,,,,,,,TUR
,,,,,,,,,TUR
,,,,,,,,,TUR
,,,,,,,,,TUR
,,,,,,,,,TUR
,,,,,,,,,TUR
,,,,,,,,,TUR
,,,,,,,,,TUR
,,,,,,,,,TUR
,,,,,,,,,TUR
,,,,,,,,,TUR
,,,,,,,,,TUR
,,,,,,,,,TUR
,,,,,,,,,TUR
,,,,,,,,,TUR
,,,,,,,,,TUR
,,,,,,,,,TUR
,,,,,,,,,TUR
,,,,,,,,,TUR
,,,,,,,,,TUR
,,,,,,,,,TUR
,,,,,,,,,TUR
,,,,,,,,,TUR
,,,,,,,,,TUR
,,,,,,,,,TUR
,,,,,,,,,TUR
,,,,,,,,,TUR
,,,,,,,,,TUR
,,,,,,,,,TUR
,,,,,,,,,TUR
,,,,,,,,,TUR
,,,,,,,,,TUR
,,,,,,,,,TUR
,,,,,,,,,TUR
,,,,,,,,,TUR
,,,,,,,,,TUR
,,,,,,,,,TUR
,,,,,,,,,TUR
,,,,,,,,,TUR
,,,,,,,,,TUR
,,,,,,,,,TUR
,,,,,,,,,TUR
,,,,,,,,,TUR
,,,,,,,,,TUR
,,,,,,,,,TUR
,,,,,,,,,TUR
,,,,,,,,,TUR
,,,,,,,,,TUR
,,,,,,,,,TUR
,,,,,,,,,TUR
,,,,,,,,,TUR
,,,,,,,,,GBR
,,,,,,,,,GBR
,,,,,,,,,GBR
,,,,,,,,,GBR
,,,,,,,,,GBR
,,,,,,,,,GBR
,,,,,,,,,GBR
,,,,,,,,,GBR
,,,,,,,,,GBR
,,,,,,,,,GBR
,,,,,,,,,GBR
,,,,,,,,,GBR
,,,,,,,,,GBR
,,,,,,,,,GBR
,,,,,,,,,GBR
,,,,,,,,,GBR
,,,,,,,,,GBR
,,,,,,,,,GBR
,,,,,,,,,GBR
,,,,,,,,,GBR
,,,,,,,,,GBR
,,,,,,,,,GBR
,,,,,,,,,GBR
,,,,,,,,,GBR
,,,,,,,,,GBR
,,,,,,,,,GBR
,,,,,,,,,GBR
,,,,,,,,,GBR
,,,,,,,,,GBR
,,,,,,,,,GBR
,,,,,,,,,GBR
,,,,,,,,,GBR
,,,,,,,,,GBR
,,,,,,,,,GBR
,,,,,,,,,GBR
,,,,,,,,,GBR
,,,,,,,,,GBR
,,,,,,,,,GBR
,,,,,,,,,GBR
,,,,,,,,,GBR
,,,,,,,,,GBR
,,,,,,,,,GBR
,,,,,,,,,GBR
,,,,,,,,,GBR
,,,,,,,,,GBR
,,,,,,,,,GBR
,,,,,,,,,GBR
,,,,,,,,,GBR
,,,,,,,,,GBR
,,,,,,,,,GBR
,,,,,,,,,GBR
,,,,,,,,,GBR
,,,,,,,,,GBR
,,,,,,,,,GBR
,,,,,,,,,GBR
,,,,,,,,,GBR
,,,,,,,,,GBR
,,,,,,,,,GBR
,,,,,,,,,GBR
,,,,,,,,,GBR
,,,,,,,,,GBR
,,,,,,,,,USA
,,,,,,,,,USA
,,,,,,,,,USA
,,,,,,,,,USA
,,,,,,,,,USA
,,,,,,,,,USA
,,,,,,,,,USA
,,,,,,,,,USA
,,,,,,,,,USA
,,,,,,,,,USA
,,,,,,,,,USA
,,,,,,,,,USA
,,,,,,,,,USA
,,,,,,,,,USA
,,,,,,,,,USA
,,,,,,,,,USA
,,,,,,,,,USA
,,,,,,,,,USA
,,,,,,,,,USA
,,,,,,,,,USA
,,,,,,,,,USA
,,,,,,,,,USA
,,,,,,,,,USA
,,,,,,,,,USA
,,,,,,,,,USA
,,,,,,,,,USA
,,,,,,,,,USA
,,,,,,,,,USA
,,,,,,,,,USA
,,,,,,,,,USA
,,,,,,,,,USA
,,,,,,,,,USA
,,,,,,,,,USA
,,,,,,,,,USA
,,,,,,,,,USA
,,,,,,,,,USA
,,,,,,,,,USA
,,,,,,,,,USA
,,,,,,,,,USA
,,,,,,,,,USA
,,,,,,,,,USA
,,,,,,,,,USA
,,,,,,,,,USA
,,,,,,,,,USA
,,,,,,,,,USA
,,,,,,,,,USA
,,,,,,,,,USA
,,,,,,,,,USA
,,,,,,,,,USA
,,,,,,,,,USA
,,,,,,,,,USA
,,,,,,,,,CHL
,,,,,,,,,CHL
,,,,,,,,,CHL
,,,,,,,,,CHL
,,,,,,,,,CHL
,,,,,,,,,CHL
,,,,,,,,,CHL
,,,,,,,,,CHL
,,,,,,,,,CHL
,,,,,,,,,CHL
,,,,,,,,,CHL
,,,,,,,,,CHL
,,,,,,,,,CHL
,,,,,,,,,CHL
,,,,,,,,,CHL
,,,,,,,,,CHL
,,,,,,,,,CHL
,,,,,,,,,CHL
,,,,,,,,,CHL
,,,,,,,,,CHL
,,,,,,,,,CHL
,,,,,,,,,CHL
,,,,,,,,,CHL
,,,,,,,,,CHL
,,,,,,,,,CHL
,,,,,,,,,CHL
,,,,,,,,,CHL
,,,,,,,,,CHL
,,,,,,,,,CHL
,,,,,,,,,CHL
,,,,,,,,,CHL
,,,,,,,,,CHL
,,,,,,,,,CHL
,,,,,,,,,CHL
,,,,,,,,,CHL
,,,,,,,,,CHN
,,,,,,,,,CHN
,,,,,,,,,CHN
,,,,,,,,,CHN
,,,,,,,,,CHN
,,,,,,,,,CHN
,,,,,,,,,CHN
,,,,,,,,,CHN
,,,,,,,,,CHN
,,,,,,,,,CHN
,,,,,,,,,CHN
,,,,,,,,,CHN
,,,,,,,,,CHN
,,,,,,,,,CHN
,,,,,,,,,CHN
,,,,,,,,,CHN
,,,,,,,,,CHN
,,,,,,,,,CHN
,,,,,,,,,CHN
,,,,,,,,,CHN
,,,,,,,,,CHN
,,,,,,,,,CHN
,,,,,,,,,CHN
,,,,,,,,,CHN
,,,,,,,,,CHN
,,,,,,,,,CHN
,,,,,,,,,CHN
,,,,,,,,,CHN
,,,,,,,,,CHN
,,,,,,,,,CHN
,,,,,,,,,CHN
,,,,,,,,,CHN
,,,,,,,,,CHN
,,,,,,,,,CHN
,,,,,,,,,CHN
,,,,,,,,,CHN
,,,,,,,,,CHN
,,,,,,,,,CHN
,,,,,,,,,CHN
,,,,,,,,,CHN
,,,,,,,,,CHN
,,,,,,,,,CHN
,,,,,,,,,CHN
,,,,,,,,,CHN
,,,,,,,,,CHN
,,,,,,,,,CHN
,,,,,,,,,CHN
,,,,,,,,,CHN
,,,,,,,,,CHN
,,,,,,,,,CHN
,,,,,,,,,COL
,,,,,,,,,COL
,,,,,,,,,COL
,,,,,,,,,COL
,,,,,,,,,COL
,,,,,,,,,COL
,,,,,,,,,COL
,,,,,,,,,COL
,,,,,,,,,COL
,,,,,,,,,COL
,,,,,,,,,COL
,,,,,,,,,COL
,,,,,,,,,COL
,,,,,,,,,COL
,,,,,,,,,COL
,,,,,,,,,COL
,,,,,,,,,COL
,,,,,,,,,COL
,,,,,,,,,COL
,,,,,,,,,COL
,,,,,,,,,COL
,,,,,,,,,COL
,,,,,,,,,COL
,,,,,,,,,COL
,,,,,,,,,COL
,,,,,,,,,COL
,,,,,,,,,COL
,,,,,,,,,COL
,,,,,,,,,COL
,,,,,,,,,COL
,,,,,,,,,COL
,,,,,,,,,COL
,,,,,,,,,COL
,,,,,,,,,COL
,,,,,,,,,COL
,,,,,,,,,COL
,,,,,,,,,COL
,,,,,,,,,COL
,,,,,,,,,COL
,,,,,,,,,COL
,,,,,,,,,COL
,,,,,,,,,COL
,,,,,,,,,COL
,,,,,,,,,COL
,,,,,,,,,COL
,,,,,,,,,COL
,,,,,,,,,EST
,,,,,,,,,EST
,,,,,,,,,EST
,,,,,,,,,EST
,,,,,,,,,EST
,,,,,,,,,EST
,,,,,,,,,EST
,,,,,,,,,EST
,,,,,,,,,EST
,,,,,,,,,EST
,,,,,,,,,EST
,,,,,,,,,EST
,,,,,,,,,EST
,,,,,,,,,EST
,,,,,,,,,EST
,,,,,,,,,EST
,,,,,,,,,EST
,,,,,,,,,EST
,,,,,,,,,EST
,,,,,,,,,EST
,,,,,,,,,EST
,,,,,,,,,EST
,,,,,,,,,EST
,,,,,,,,,EST
,,,,,,,,,EST
,,,,,,,,,EST
,,,,,,,,,EST
,,,,,,,,,EST
,,,,,,,,,IND
,,,,,,,,,IND
,,,,,,,,,IND
,,,,,,,,,IND
,,,,,,,,,IND
,,,,,,,,,IND
,,,,,,,,,IND
,,,,,,,,,IND
,,,,,,,,,IND
,,,,,,,,,IND
,,,,,,,,,IND
,,,,,,,,,IND
,,,,,,,,,IND
,,,,,,,,,IND
,,,,,,,,,IND
,,,,,,,,,IND
,,,,,,,,,IND
,,,,,,,,,IND
,,,,,,,,,IND
,,,,,,,,,IND
,,,,,,,,,IND
,,,,,,,,,IND
,,,,,,,,,IND
,,,,,,,,,IND
,,,,,,,,,IND
,,,,,,,,,IND
,,,,,,,,,IND
,,,,,,,,,IND
,,,,,,,,,IND
,,,,,,,,,IND
,,,,,,,,,IND
,,,,,,,,,IND
,,,,,,,,,IND
,,,,,,,,,IND
,,,,,,,,,IND
,,,,,,,,,IND
,,,,,,,,,IND
,,,,,,,,,IND
,,,,,,,,,IND
,,,,,,,,,IND
,,,,,,,,,IND
,,,,,,,,,IND
,,,,,,,,,IND
,,,,,,,,,IND
,,,,,,,,,IND
,,,,,,,,,IND
,,,,,,,,,IND
,,,,,,,,,IND
,,,,,,,,,IDN
,,,,,,,,,IDN
,,,,,,,,,IDN
,,,,,,,,,IDN
,,,,,,,,,IDN
,,,,,,,,,IDN
,,,,,,,,,IDN
,,,,,,,,,IDN
,,,,,,,,,IDN
,,,,,,,,,IDN
,,,,,,,,,IDN
,,,,,,,,,IDN
,,,,,,,,,IDN
,,,,,,,,,IDN
,,,,,,,,,IDN
,,,,,,,,,IDN
,,,,,,,,,IDN
,,,,,,,,,IDN
,,,,,,,,,IDN
,,,,,,,,,IDN
,,,,,,,,,IDN
,,,,,,,,,IDN
,,,,,,,,,IDN
,,,,,,,,,IDN
,,,,,,,,,IDN
,,,,,,,,,IDN
,,,,,,,,,IDN
,,,,,,,,,IDN
,,,,,,,,,ISR
,,,,,,,,,ISR
,,,,,,,,,ISR
,,,,,,,,,ISR
,,,,,,,,,ISR
,,,,,,,,,ISR
,,,,,,,,,ISR
,,,,,,,,,ISR
,,,,,,,,,ISR
,,,,,,,,,ISR
,,,,,,,,,ISR
,,,,,,,,,ISR
,,,,,,,,,ISR
,,,,,,,,,ISR
,,,,,,,,,ISR
,,,,,,,,,ISR
,,,,,,,,,ISR
,,,,,,,,,ISR
,,,,,,,,,ISR
,,,,,,,,,ISR
,,,,,,,,,ISR
,,,,,,,,,ISR
,,,,,,,,,ISR
,,,,,,,,,ISR
,,,,,,,,,ISR
,,,,,,,,,ISR
,,,,,,,,,ISR
,,,,,,,,,ISR
,,,,,,,,,ISR
,,,,,,,,,ISR
,,,,,,,,,ISR
,,,,,,,,,ISR
,,,,,,,,,ISR
,,,,,,,,,ISR
,,,,,,,,,ISR
,,,,,,,,,ISR
,,,,,,,,,ISR
,,,,,,,,,ISR
,,,,,,,,,ISR
,,,,,,,,,ISR
,,,,,,,,,ISR
,,,,,,,,,ISR
,,,,,,,,,ISR
,,,,,,,,,ISR
,,,,,,,,,RUS
,,,,,,,,,RUS
,,,,,,,,,RUS
,,,,,,,,,RUS
,,,,,,,,,RUS
,,,,,,,,,RUS
,,,,,,,,,RUS
,,,,,,,,,RUS
,,,,,,,,,RUS
,,,,,,,,,RUS
,,,,,,,,,RUS
,,,,,,,,,RUS
,,,,,,,,,RUS
,,,,,,,,,RUS
,,,,,,,,,RUS
,,,,,,,,,RUS
,,,,,,,,,RUS
,,,,,,,,,RUS
,,,,,,,,,RUS
,,,,,,,,,RUS
,,,,,,,,,RUS
,,,,,,,,,RUS
,,,,,,,,,RUS
,,,,,,,,,RUS
,,,,,,,,,RUS
,,,,,,,,,RUS
,,,,,,,,,SVN
,,,,,,,,,SVN
,,,,,,,,,SVN
,,,,,,,,,SVN
,,,,,,,,,SVN
,,,,,,,,,SVN
,,,,,,,,,SVN
,,,,,,,,,SVN
,,,,,,,,,SVN
,,,,,,,,,SVN
,,,,,,,,,SVN
,,,,,,,,,SVN
,,,,,,,,,SVN
,,,,,,,,,SVN
,,,,,,,,,SVN
,,,,,,,,,SVN
,,,,,,,,,SVN
,,,,,,,,,SVN
,,,,,,,,,SVN
,,,,,,,,,SVN
,,,,,,,,,SVN
,,,,,,,,,SVN
,,,,,,,,,SVN
,,,,,,,,,SVN
,,,,,,,,,SVN
,,,,,,,,,SVN
,,,,,,,,,SVN
,,,,,,,,,SVN
,,,,,,,,,SVN
,,,,,,,,,SVN
,,,,,,,,,SVN
,,,,,,,,,ZAF
,,,,,,,,,ZAF
,,,,,,,,,ZAF
,,,,,,,,,ZAF
,,,,,,,,,ZAF
,,,,,,,,,ZAF
,,,,,,,,,ZAF
,,,,,,,,,ZAF
,,,,,,,,,ZAF
,,,,,,,,,ZAF
,,,,,,,,,ZAF
,,,,,,,,,ZAF
,,,,,,,,,ZAF
,,,,,,,,,ZAF
,,,,,,,,,ZAF
,,,,,,,,,ZAF
,,,,,,,,,ZAF
,,,,,,,,,ZAF
,,,,,,,,,ZAF
,,,,,,,,,ZAF
,,,,,,,,,ZAF
,,,,,,,,,ZAF
,,,,,,,,,ZAF
,,,,,,,,,ZAF
,,,,,,,,,ZAF
,,,,,,,,,ZAF
,,,,,,,,,ZAF
,,,,,,,,,ZAF
,,,,,,,,,ZAF
,,,,,,,,,ZAF
,,,,,,,,,ZAF
,,,,,,,,,ZAF
,,,,,,,,,ZAF
,,,,,,,,,ZAF
,,,,,,,,,ZAF
,,,,,,,,,ZAF
,,,,,,,,,ZAF
,,,,,,,,,ZAF
,,,,,,,,,ZAF
,,,,,,,,,ZAF
,,,,,,,,,ZAF
,,,,,,,,,ZAF
,,,,,,,,,ZAF
,,,,,,,,,ZAF
,,,,,,,,,ZAF
,,,,,,,,,ZAF
,,,,,,,,,ZAF
,,,,,,,,,ZAF
,,,,,,,,,ZAF
,,,,,,,,,ZAF
,,,,,,,,,ZAF
,,,,,,,,,DEW
,,,,,,,,,DEW
,,,,,,,,,DEW
,,,,,,,,,DEW
,,,,,,,,,DEW
,,,,,,,,,DEW
,,,,,,,,,DEW
,,,,,,,,,DEW
,,,,,,,,,DEW
,,,,,,,,,DEW
,,,,,,,,,DEW
,,,,,,,,,DEW
,,,,,,,,,DEW
,,,,,,,,,DEW
,,,,,,,,,DEW
,,,,,,,,,DEW
,,,,,,,,,DEW
,,,,,,,,,DEW
,,,,,,,,,DEW
,,,,,,,,,DEW
,,,,,,,,,DEW
,,,,,,,,,DEW
,,,,,,,,,OECD
,,,,,,,,,OECD
,,,,,,,,,OECD
,,,,,,,,,OECD
,,,,,,,,,OECD
,,,,,,,,,OECD
,,,,,,,,,OECD
,,,,,,,,,OECD
,,,,,,,,,OECD
,,,,,,,,,OECD
,,,,,,,,,OECD
,,,,,,,,,OECD
,,,,,,,,,OECD
,,,,,,,,,OECD
,,,,,,,,,OECD
,,,,,,,,,OECD
,,,,,,,,,OECD
,,,,,,,,,OECD
,,,,,,,,,OECD
,,,,,,,,,OECD
,,,,,,,,,OECD
,,,,,,,,,OECD
,,,,,,,,,OECD
,,,,,,,,,OECD
,,,,,,,,,OECD
,,,,,,,,,OECD
,,,,,,,,,OECD
,,,,,,,,,OECD
,,,,,,,,,OECD
,,,,,,,,,OECD
,,,,,,,,,OECD
,,,,,,,,,OECD
,,,,,,,,,OECD
,,,,,,,,,OECD
,,,,,,,,,OECD
,,,,,,,,,OECD
,,,,,,,,,OECD
,,,,,,,,,OECD
,,,,,,,,,OECD
,,,,,,,,,OECD
,,,,,,,,,OECD
,,,,,,,,,OECD
,,,,,,,,,OECD
,,,,,,,,,OECD
,,,,,,,,,OECD
,,,,,,,,,OECD
,,,,,,,,,OECD
,,,,,,,,,OECD
,,,,,,,,,OECD
,,,,,,,,,OECD
,,,,,,,,,OECD
,,,,,,,,,OECDE
,,,,,,,,,OECDE
,,,,,,,,,OECDE
,,,,,,,,,OECDE
,,,,,,,,,OECDE
,,,,,,,,,OECDE
,,,,,,,,,OECDE
,,,,,,,,,OECDE
,,,,,,,,,OECDE
,,,,,,,,,OECDE
,,,,,,,,,OECDE
,,,,,,,,,OECDE
,,,,,,,,,OECDE
,,,,,,,,,OECDE
,,,,,,,,,OECDE
,,,,,,,,,OECDE
,,,,,,,,,OECDE
,,,,,,,,,OECDE
,,,,,,,,,OECDE
,,,,,,,,,OECDE
,,,,,,,,,OECDE
,,,,,,,,,OECDE
,,,,,,,,,OECDE
,,,,,,,,,OECDE
,,,,,,,,,OECDE
,,,,,,,,,OECDE
,,,,,,,,,OECDE
,,,,,,,,,LVA
,,,,,,,,,LVA
,,,,,,,,,LVA
,,,,,,,,,LVA
,,,,,,,,,LVA
,,,,,,,,,LVA
,,,,,,,,,LVA
,,,,,,,,,LVA
,,,,,,,,,LVA
,,,,,,,,,LVA
,,,,,,,,,LVA
,,,,,,,,,LVA
,,,,,,,,,LVA
,,,,,,,,,LVA
,,,,,,,,,LVA
,,,,,,,,,LVA
,,,,,,,,,LVA
,,,,,,,,,LVA
,,,,,,,,,LVA
,,,,,,,,,LVA
,,,,,,,,,LVA
,,,,,,,,,LVA
,,,,,,,,,LVA
,,,,,,,,,LVA
,,,,,,,,,LVA
,,,,,,,,,LVA
,,,,,,,,,LVA
,,,,,,,,,BRA
,,,,,,,,,BRA
,,,,,,,,,BRA
,,,,,,,,,BRA
,,,,,,,,,BRA
,,,,,,,,,BRA
,,,,,,,,,BRA
,,,,,,,,,BRA
,,,,,,,,,BRA
,,,,,,,,,BRA
,,,,,,,,,BRA
,,,,,,,,,BRA
,,,,,,,,,BRA
,,,,,,,,,BRA
,,,,,,,,,BRA
,,,,,,,,,BRA
,,,,,,,,,BRA
,,,,,,,,,BRA
,,,,,,,,,BRA
,,,,,,,,,BRA
,,,,,,,,,BRA
,,,,,,,,,BRA
,,,,,,,,,BRA
,,,,,,,,,BRA
,,,,,,,,,LTU
,,,,,,,,,LTU
,,,,,,,,,LTU
,,,,,,,,,LTU
,,,,,,,,,LTU
,,,,,,,,,LTU
,,,,,,,,,LTU
,,,,,,,,,LTU
,,,,,,,,,LTU
,,,,,,,,,LTU
,,,,,,,,,LTU
,,,,,,,,,LTU
,,,,,,,,,LTU
,,,,,,,,,LTU
,,,,,,,,,LTU
,,,,,,,,,LTU
,,,,,,,,,LTU
,,,,,,,,,LTU
,,,,,,,,,LTU
,,,,,,,,,LTU
,,,,,,,,,LTU
,,,,,,,,,LTU
,,,,,,,,,LTU
,,,,,,,,,LTU
,,,,,,,,,LTU
,,,,,,,,,LTU
,,,,,,,,,SAU
,,,,,,,,,SAU
,,,,,,,,,SAU
,,,,,,,,,SAU
,,,,,,,,,SAU
,,,,,,,,,SAU
,,,,,,,,,SAU
,,,,,,,,,SAU
,,,,,,,,,SAU
,,,,,,,,,SAU
,,,,,,,,,SAU
,,,,,,,,,SAU
,,,,,,,,,SAU
,,,,,,,,,SAU
,,,,,,,,,SAU
,,,,,,,,,SAU
,,,,,,,,,SAU
,,,,,,,,,SAU
,,,,,,,,,SAU
,,,,,,,,,SAU
,,,,,,,,,SAU
,,,,,,,,,SAU
,,,,,,,,,SAU
,,,,,,,,,SAU
,,,,,,,,,SAU
,,,,,,,,,SAU
,,,,,,,,,SAU
,,,,,,,,,SAU
,,,,,,,,,SAU
,,,,,,,,,SAU
,,,,,,,,,SAU
,,,,,,,,,SAU
,,,,,,,,,SAU
,,,,,,,,,SAU
,,,,,,,,,SAU
,,,,,,,,,SAU
,,,,,,,,,SAU
,,,,,,,,,SAU
,,,,,,,,,SAU
,,,,,,,,,SAU
,,,,,,,,,SAU
,,,,,,,,,SAU
,,,,,,,,,SAU
,,,,,,,,,SAU
,,,,,,,,,SAU
,,,,,,,,,SAU
,,,,,,,,,SAU
,,,,,,,,,SAU
,,,,,,,,,SAU
,,,,,,,,,SAU
,,,,,,,,,SAU
,,,,,,,,,EA19
,,,,,,,,,EA19
,,,,,,,,,EA19
,,,,,,,,,EA19
,,,,,,,,,EA19
,,,,,,,,,EA19
,,,,,,,,,EA19
,,,,,,,,,EA19
,,,,,,,,,EA19
,,,,,,,,,EA19
,,,,,,,,,EA19
,,,,,,,,,EA19
,,,,,,,,,EA19
,,,,,,,,,EA19
,,,,,,,,,EA19
,,,,,,,,,EA19
,,,,,,,,,EA19
,,,,,,,,,EA19
,,,,,,,,,EA19
,,,,,,,,,EA19
,,,,,,,,,EA19
,,,,,,,,,EA19
,,,,,,,,,EA19
,,,,,,,,,EA19
,,,,,,,,,EA19
,,,,,,,,,EA19
,,,,,,,,,ARG
,,,,,,,,,ARG
,,,,,,,,,ARG
,,,,,,,,,ARG
,,,,,,,,,ARG
,,,,,,,,,ARG
,,,,,,,,,ARG
,,,,,,,,,ARG
,,,,,,,,,ARG
,,,,,,,,,ARG
,,,,,,,,,ARG
,,,,,,,,,ARG
,,,,,,,,,ARG
,,,,,,,,,ARG
,,,,,,,,,ARG
,,,,,,,,,ARG
,,,,,,,,,ARG
,,,,,,,,,CRI
,,,,,,,,,CRI
,,,,,,,,,CRI
,,,,,,,,,CRI
,,,,,,,,,CRI
,,,,,,,,,CRI
,,,,,,,,,CRI
,,,,,,,,,CRI
,,,,,,,,,CRI
,,,,,,,,,CRI
,,,,,,,,,CRI
,,,,,,,,,CRI
,,,,,,,,,CRI
,,,,,,,,,CRI
,,,,,,,,,CRI
,,,,,,,,,CRI
,,,,,,,,,CRI
,,,,,,,,,CRI
,,,,,,,,,CRI
,,,,,,,,,CRI
,,,,,,,,,CRI
,,,,,,,,,CRI
,,,,,,,,,CRI
,,,,,,,,,CRI
,,,,,,,,,CRI
,,,,,,,,,CRI
,,,,,,,,,CRI
,,,,,,,,,CRI
,,,,,,,,,CRI
,,,,,,,,,CRI
,,,,,,,,,BGR
,,,,,,,,,BGR
,,,,,,,,,BGR
,,,,,,,,,BGR
,,,,,,,,,BGR
,,,,,,,,,BGR
,,,,,,,,,BGR
,,,,,,,,,BGR
,,,,,,,,,BGR
,,,,,,,,,BGR
,,,,,,,,,BGR
,,,,,,,,,BGR
,,,,,,,,,BGR
,,,,,,,,,BGR
,,,,,,,,,BGR
,,,,,,,,,BGR
,,,,,,,,,BGR
,,,,,,,,,BGR
,,,,,,,,,BGR
,,,,,,,,,BGR
,,,,,,,,,BGR
,,,,,,,,,BGR
,,,,,,,,,BGR
,,,,,,,,,BGR
,,,,,,,,,BGR
,,,,,,,,,BGR
,,,,,,,,,HRV
,,,,,,,,,HRV
,,,,,,,,,HRV
,,,,,,,,,HRV
,,,,,,,,,HRV
,,,,,,,,,HRV
,,,,,,,,,HRV
,,,,,,,,,HRV
,,,,,,,,,HRV
,,,,,,,,,HRV
,,,,,,,,,HRV
,,,,,,,,,HRV
,,,,,,,,,HRV
,,,,,,,,,HRV
,,,,,,,,,HRV
,,,,,,,,,HRV
,,,,,,,,,HRV
,,,,,,,,,HRV
,,,,,,,,,HRV
,,,,,,,,,HRV
,,,,,,,,,HRV
,,,,,,,,,HRV
,,,,,,,,,HRV
,,,,,,,,,HRV
,,,,,,,,,HRV
,,,,,,,,,HRV
,,,,,,,,,CYP
,,,,,,,,,CYP
,,,,,,,,,CYP
,,,,,,,,,CYP
,,,,,,,,,CYP
,,,,,,,,,CYP
,,,,,,,,,CYP
,,,,,,,,,CYP
,,,,,,,,,CYP
,,,,,,,,,CYP
,,,,,,,,,CYP
,,,,,,,,,CYP
,,,,,,,,,CYP
,,,,,,,,,CYP
,,,,,,,,,CYP
,,,,,,,,,CYP
,,,,,,,,,CYP
,,,,,,,,,CYP
,,,,,,,,,CYP
,,,,,,,,,CYP
,,,,,,,,,CYP
,,,,,,,,,CYP
,,,,,,,,,CYP
,,,,,,,,,CYP
,,,,,,,,,CYP
,,,,,,,,,CYP
,,,,,,,,,MLT
,,,,,,,,,MLT
,,,,,,,,,MLT
,,,,,,,,,MLT
,,,,,,,,,MLT
,,,,,,,,,MLT
,,,,,,,,,MLT
,,,,,,,,,MLT
,,,,,,,,,MLT
,,,,,,,,,MLT
,,,,,,,,,MLT
,,,,,,,,,MLT
,,,,,,,,,MLT
,,,,,,,,,MLT
,,,,,,,,,MLT
,,,,,,,,,MLT
,,,,,,,,,MLT
,,,,,,,,,MLT
,,,,,,,,,MLT
,,,,,,,,,MLT
,,,,,,,,,MLT
,,,,,,,,,MLT
,,,,,,,,,MLT
,,,,,,,,,MLT
,,,,,,,,,MLT
,,,,,,,,,MLT
,,,,,,,,,PER
,,,,,,,,,PER
,,,,,,,,,PER
,,,,,,,,,PER
,,,,,,,,,PER
,,,,,,,,,PER
,,,,,,,,,PER
,,,,,,,,,PER
,,,,,,,,,ROU
,,,,,,,,,ROU
,,,,,,,,,ROU
,,,,,,,,,ROU
,,,,,,,,,ROU
,,,,,,,,,ROU
,,,,,,,,,ROU
,,,,,,,,,ROU
,,,,,,,,,ROU
,,,,,,,,,ROU
,,,,,,,,,ROU
,,,,,,,,,ROU
,,,,,,,,,ROU
,,,,,,,,,ROU
,,,,,,,,,ROU
,,,,,,,,,ROU
,,,,,,,,,ROU
,,,,,,,,,ROU
,,,,,,,,,ROU
,,,,,,,,,ROU
,,,,,,,,,ROU
,,,,,,,,,ROU
,,,,,,,,,ROU
,,,,,,,,,ROU
,,,,,,,,,ROU
,,,,,,,,,ROU
,,,,,,,,,MKD
,,,,,,,,,MKD
,,,,,,,,,MKD
,,,,,,,,,MKD
,,,,,,,,,MKD
,,,,,,,,,MKD
,,,,,,,,,MKD
,,,,,,,,,MKD
,,,,,,,,,MKD
,,,,,,,,,MKD
,,,,,,,,,MKD
,,,,,,,,,MKD
,,,,,,,,,MKD
,,,,,,,,,MKD
,,,,,,,,,MKD
,,,,,,,,,MKD
,,,,,,,,,MKD
,,,,,,,,,MKD
,,,,,,,,,MKD
,,,,,,,,,MKD
,,,,,,,,,ZMB
,,,,,,,,,ZMB
,,,,,,,,,ZMB
,,,,,,,,,ZMB
,,,,,,,,,ZMB
,,,,,,,,,ZMB
,,,,,,,,,ZMB
,,,,,,,,,ZMB
,,,,,,,,,ZMB
,,,,,,,,,ZMB
,,,,,,,,,ZMB
,,,,,,,,,ZMB
,,,,,,,,,ZMB
,,,,,,,,,HKG
,,,,,,,,,HKG
,,,,,,,,,HKG
,,,,,,,,,HKG
,,,,,,,,,HKG
,,,,,,,,,HKG
,,,,,,,,,HKG
,,,,,,,,,HKG
,,,,,,,,,HKG
,,,,,,,,,HKG
,,,,,,,,,HKG
,,,,,,,,,HKG
,,,,,,,,,HKG
,,,,,,,,,HKG
,,,,,,,,,HKG
,,,,,,,,,HKG
,,,,,,,,,HKG
,,,,,,,,,HKG
,,,,,,,,,HKG
,,,,,,,,,HKG
,,,,,,,,,HKG
,,,,,,,,,HKG
,,,,,,,,,HKG
,,,,,,,,,HKG
,,,,,,,,,HKG
,,,,,,,,,HKG
,,,,,,,,,HKG
,,,,,,,,,HKG
,,,,,,,,,HKG
,,,,,,,,,MDG
,,,,,,,,,MDG
,,,,,,,,,MDG
,,,,,,,,,MDG
,,,,,,,,,MDG
,,,,,,,,,MDG
,,,,,,,,,MDG
,,,,,,,,,MDG
,,,,,,,,,MDG
,,,,,,,,,MDG
,,,,,,,,,MDG
,,,,,,,,,MDG
,,,,,,,,,MAR
,,,,,,,,,MAR
,,,,,,,,,MAR
,,,,,,,,,MAR
,,,,,,,,,MAR
,,,,,,,,,MAR
,,,,,,,,,MAR
,,,,,,,,,MAR
,,,,,,,,,MAR
,,,,,,,,,MAR
,,,,,,,,,MAR
,,,,,,,,,MAR
,,,,,,,,,SGP
,,,,,,,,,SGP
,,,,,,,,,SGP
,,,,,,,,,SGP
,,,,,,,,,SGP
,,,,,,,,,SGP
,,,,,,,,,SGP
,,,,,,,,,SGP
,,,,,,,,,SGP
,,,,,,,,,SGP
,,,,,,,,,SGP
,,,,,,,,,SGP
,,,,,,,,,SGP
,,,,,,,,,SGP
,,,,,,,,,SGP
,,,,,,,,,SGP
,,,,,,,,,SGP
,,,,,,,,,SGP
,,,,,,,,,SGP
,,,,,,,,,SGP
,,,,,,,,,SGP
,,,,,,,,,SGP
,,,,,,,,,SGP
,,,,,,,,,SGP
,,,,,,,,,SGP
,,,,,,,,,SGP
,,,,,,,,,SGP
,,,,,,,,,SGP
,,,,,,,,,SGP
,,,,,,,,,EU27_2020
,,,,,,,,,EU27_2020
,,,,,,,,,EU27_2020
,,,,,,,,,EU27_2020
,,,,,,,,,EU27_2020
,,,,,,,,,EU27_2020
,,,,,,,,,EU27_2020
,,,,,,,,,EU27_2020
,,,,,,,,,EU27_2020
,,,,,,,,,EU27_2020
,,,,,,,,,EU27_2020
,,,,,,,,,EU27_2020
,,,,,,,,,EU27_2020
,,,,,,,,,EU27_2020
,,,,,,,,,EU27_2020
,,,,,,,,,EU27_2020
,,,,,,,,,EU27_2020
,,,,,,,,,EU27_2020
,,,,,,,,,EU27_2020
,,,,,,,,,EU27_2020
,,,,,,,,,EU27_2020
,,,,,,,,,EU27_2020
,,,,,,,,,EU27_2020
,,,,,,,,,EU27_2020
,,,,,,,,,EU27_2020
,,,,,,,,,EU27_2020
